[INIT].... → Crawl4AI 0.8.0 
[FETCH]... ↓ 
https://www.unepfi.org/learning-and-development-for-finance-professionals/      
| ✓ | ⏱: 9.81s 
[SCRAPE].. ◆ 
https://www.unepfi.org/learning-and-development-for-finance-professionals/      
| ✓ | ⏱: 0.48s 
[COMPLETE] ● 
https://www.unepfi.org/learning-and-development-for-finance-professionals/      
| ✓ | ⏱: 10.40s 
[ERROR]... × https://www.unepfi.org/...-transition-to-net-zero  | Error: 
Unexpected error in _crawl_web at line 718 in _crawl_web 
(../.pyenv/versions/3.10.13/lib/python3.10/site-packages/crawl4ai/async_crawler_
strategy.py):
Error: Failed on navigating ACS-GOTO:
Page.goto: Timeout 30000ms exceeded.
Call log:
  - navigating to 
"https://www.unepfi.org/forum-for-insurance-transition-to-net-zero", waiting 
until "domcontentloaded"


Code context:
 713                                   tag="GOTO",
 714                                   params={"url": url},
 715                               )
 716                               response = None
 717                           else:
 718 →                             raise RuntimeError(f"Failed on navigating 
ACS-GOTO:\n{str(e)}")
 719   
 720                       # 
──────────────────────────────────────────────────────────────
 721                       # Walk the redirect chain.  Playwright returns only 
the last
 722                       # hop, so we trace the `request.redirected_from` 
links until the
 723                       # first response that differs from the final one and 
surface its 
[ERROR]... × https://www.unepfi.org/climate-change              | Error: 
Unexpected error in _crawl_web at line 718 in _crawl_web 
(../.pyenv/versions/3.10.13/lib/python3.10/site-packages/crawl4ai/async_crawler_
strategy.py):
Error: Failed on navigating ACS-GOTO:
Page.goto: Timeout 30000ms exceeded.
Call log:
  - navigating to "https://www.unepfi.org/climate-change", waiting until 
"domcontentloaded"


Code context:
 713                                   tag="GOTO",
 714                                   params={"url": url},
 715                               )
 716                               response = None
 717                           else:
 718 →                             raise RuntimeError(f"Failed on navigating 
ACS-GOTO:\n{str(e)}")
 719   
 720                       # 
──────────────────────────────────────────────────────────────
 721                       # Walk the redirect chain.  Playwright returns only 
the last
 722                       # hop, so we trace the `request.redirected_from` 
links until the
 723                       # first response that differs from the final one and 
surface its 
[ERROR]... × https://www.unepfi.org/impact                      | Error: 
Unexpected error in _crawl_web at line 718 in _crawl_web 
(../.pyenv/versions/3.10.13/lib/python3.10/site-packages/crawl4ai/async_crawler_
strategy.py):
Error: Failed on navigating ACS-GOTO:
Page.goto: Timeout 30000ms exceeded.
Call log:
  - navigating to "https://www.unepfi.org/impact", waiting until 
"domcontentloaded"


Code context:
 713                                   tag="GOTO",
 714                                   params={"url": url},
 715                               )
 716                               response = None
 717                           else:
 718 →                             raise RuntimeError(f"Failed on navigating 
ACS-GOTO:\n{str(e)}")
 719   
 720                       # 
──────────────────────────────────────────────────────────────
 721                       # Walk the redirect chain.  Playwright returns only 
the last
 722                       # hop, so we trace the `request.redirected_from` 
links until the
 723                       # first response that differs from the final one and 
surface its 
[ERROR]... × https://www.unepfi.org/about/30-years-of-unep-fi   | Error: 
Unexpected error in _crawl_web at line 718 in _crawl_web 
(../.pyenv/versions/3.10.13/lib/python3.10/site-packages/crawl4ai/async_crawler_
strategy.py):
Error: Failed on navigating ACS-GOTO:
Page.goto: Timeout 30000ms exceeded.
Call log:
  - navigating to "https://www.unepfi.org/about/30-years-of-unep-fi", waiting 
until "domcontentloaded"


Code context:
 713                                   tag="GOTO",
 714                                   params={"url": url},
 715                               )
 716                               response = None
 717                           else:
 718 →                             raise RuntimeError(f"Failed on navigating 
ACS-GOTO:\n{str(e)}")
 719   
 720                       # 
──────────────────────────────────────────────────────────────
 721                       # Walk the redirect chain.  Playwright returns only 
the last
 722                       # hop, so we trace the `request.redirected_from` 
links until the
 723                       # first response that differs from the final one and 
surface its 
[ERROR]... × https://www.unepfi.org/blue-finance                | Error: 
Unexpected error in _crawl_web at line 718 in _crawl_web 
(../.pyenv/versions/3.10.13/lib/python3.10/site-packages/crawl4ai/async_crawler_
strategy.py):
Error: Failed on navigating ACS-GOTO:
Page.goto: Timeout 30000ms exceeded.
Call log:
  - navigating to "https://www.unepfi.org/blue-finance", waiting until 
"domcontentloaded"


Code context:
 713                                   tag="GOTO",
 714                                   params={"url": url},
 715                               )
 716                               response = None
 717                           else:
 718 →                             raise RuntimeError(f"Failed on navigating 
ACS-GOTO:\n{str(e)}")
 719   
 720                       # 
──────────────────────────────────────────────────────────────
 721                       # Walk the redirect chain.  Playwright returns only 
the last
 722                       # hop, so we trace the `request.redirected_from` 
links until the
 723                       # first response that differs from the final one and 
surface its 
[ERROR]... × https://www.unepfi.org/banking/bankingprinciples   | Error: 
Unexpected error in _crawl_web at line 718 in _crawl_web 
(../.pyenv/versions/3.10.13/lib/python3.10/site-packages/crawl4ai/async_crawler_
strategy.py):
Error: Failed on navigating ACS-GOTO:
Page.goto: Timeout 30000ms exceeded.
Call log:
  - navigating to "https://www.unepfi.org/banking/bankingprinciples", waiting 
until "domcontentloaded"


Code context:
 713                                   tag="GOTO",
 714                                   params={"url": url},
 715                               )
 716                               response = None
 717                           else:
 718 →                             raise RuntimeError(f"Failed on navigating 
ACS-GOTO:\n{str(e)}")
 719   
 720                       # 
──────────────────────────────────────────────────────────────
 721                       # Walk the redirect chain.  Playwright returns only 
the last
 722                       # hop, so we trace the `request.redirected_from` 
links until the
 723                       # first response that differs from the final one and 
surface its 
[ERROR]... × https://www.unepfi.org/...overnance/banking-board  | Error: 
Unexpected error in _crawl_web at line 718 in _crawl_web 
(../.pyenv/versions/3.10.13/lib/python3.10/site-packages/crawl4ai/async_crawler_
strategy.py):
Error: Failed on navigating ACS-GOTO:
Page.goto: Timeout 30000ms exceeded.
Call log:
  - navigating to "https://www.unepfi.org/banking/governance/banking-board", 
waiting until "domcontentloaded"


Code context:
 713                                   tag="GOTO",
 714                                   params={"url": url},
 715                               )
 716                               response = None
 717                           else:
 718 →                             raise RuntimeError(f"Failed on navigating 
ACS-GOTO:\n{str(e)}")
 719   
 720                       # 
──────────────────────────────────────────────────────────────
 721                       # Walk the redirect chain.  Playwright returns only 
the last
 722                       # hop, so we trace the `request.redirected_from` 
links until the
 723                       # first response that differs from the final one and 
surface its 
[ERROR]... × https://www.unepfi.org/about/structure/secretariat | Error: 
Unexpected error in _crawl_web at line 718 in _crawl_web 
(../.pyenv/versions/3.10.13/lib/python3.10/site-packages/crawl4ai/async_crawler_
strategy.py):
Error: Failed on navigating ACS-GOTO:
Page.goto: Timeout 30000ms exceeded.
Call log:
  - navigating to "https://www.unepfi.org/about/structure/secretariat", waiting 
until "domcontentloaded"


Code context:
 713                                   tag="GOTO",
 714                                   params={"url": url},
 715                               )
 716                               response = None
 717                           else:
 718 →                             raise RuntimeError(f"Failed on navigating 
ACS-GOTO:\n{str(e)}")
 719   
 720                       # 
──────────────────────────────────────────────────────────────
 721                       # Walk the redirect chain.  Playwright returns only 
the last
 722                       # hop, so we trace the `request.redirected_from` 
links until the
 723                       # first response that differs from the final one and 
surface its 
[ERROR]... × https://www.unepfi.org/about/employment            | Error: 
Unexpected error in _crawl_web at line 718 in _crawl_web 
(../.pyenv/versions/3.10.13/lib/python3.10/site-packages/crawl4ai/async_crawler_
strategy.py):
Error: Failed on navigating ACS-GOTO:
Page.goto: Timeout 30000ms exceeded.
Call log:
  - navigating to "https://www.unepfi.org/about/employment", waiting until 
"domcontentloaded"


Code context:
 713                                   tag="GOTO",
 714                                   params={"url": url},
 715                               )
 716                               response = None
 717                           else:
 718 →                             raise RuntimeError(f"Failed on navigating 
ACS-GOTO:\n{str(e)}")
 719   
 720                       # 
──────────────────────────────────────────────────────────────
 721                       # Walk the redirect chain.  Playwright returns only 
the last
 722                       # hop, so we trace the `request.redirected_from` 
links until the
 723                       # first response that differs from the final one and 
surface its 
[ERROR]... × https://www.unepfi.org/...-export-credit-agencies  | Error: 
Unexpected error in _crawl_web at line 718 in _crawl_web 
(../.pyenv/versions/3.10.13/lib/python3.10/site-packages/crawl4ai/async_crawler_
strategy.py):
Error: Failed on navigating ACS-GOTO:
Page.goto: Timeout 30000ms exceeded.
Call log:
  - navigating to 
"https://www.unepfi.org/climate-change/net-zero-export-credit-agencies", waiting
until "domcontentloaded"


Code context:
 713                                   tag="GOTO",
 714                                   params={"url": url},
 715                               )
 716                               response = None
 717                           else:
 718 →                             raise RuntimeError(f"Failed on navigating 
ACS-GOTO:\n{str(e)}")
 719   
 720                       # 
──────────────────────────────────────────────────────────────
 721                       # Walk the redirect chain.  Playwright returns only 
the last
 722                       # hop, so we trace the `request.redirected_from` 
links until the
 723                       # first response that differs from the final one and 
surface its 
[ERROR]... × https://www.unepfi.org/about/about-us/history      | Error: 
Unexpected error in _crawl_web at line 718 in _crawl_web 
(../.pyenv/versions/3.10.13/lib/python3.10/site-packages/crawl4ai/async_crawler_
strategy.py):
Error: Failed on navigating ACS-GOTO:
Page.goto: Timeout 30000ms exceeded.
Call log:
  - navigating to "https://www.unepfi.org/about/about-us/history", waiting until
"domcontentloaded"


Code context:
 713                                   tag="GOTO",
 714                                   params={"url": url},
 715                               )
 716                               response = None
 717                           else:
 718 →                             raise RuntimeError(f"Failed on navigating 
ACS-GOTO:\n{str(e)}")
 719   
 720                       # 
──────────────────────────────────────────────────────────────
 721                       # Walk the redirect chain.  Playwright returns only 
the last
 722                       # hop, so we trace the `request.redirected_from` 
links until the
 723                       # first response that differs from the final one and 
surface its 
[ERROR]... × https://www.unepfi.org/about/contact               | Error: 
Unexpected error in _crawl_web at line 718 in _crawl_web 
(../.pyenv/versions/3.10.13/lib/python3.10/site-packages/crawl4ai/async_crawler_
strategy.py):
Error: Failed on navigating ACS-GOTO:
Page.goto: Timeout 30000ms exceeded.
Call log:
  - navigating to "https://www.unepfi.org/about/contact", waiting until 
"domcontentloaded"


Code context:
 713                                   tag="GOTO",
 714                                   params={"url": url},
 715                               )
 716                               response = None
 717                           else:
 718 →                             raise RuntimeError(f"Failed on navigating 
ACS-GOTO:\n{str(e)}")
 719   
 720                       # 
──────────────────────────────────────────────────────────────
 721                       # Walk the redirect chain.  Playwright returns only 
the last
 722                       # hop, so we trace the `request.redirected_from` 
links until the
 723                       # first response that differs from the final one and 
surface its 
[ERROR]... × https://www.unepfi.org/about/structure             | Error: 
Unexpected error in _crawl_web at line 718 in _crawl_web 
(../.pyenv/versions/3.10.13/lib/python3.10/site-packages/crawl4ai/async_crawler_
strategy.py):
Error: Failed on navigating ACS-GOTO:
Page.goto: Timeout 30000ms exceeded.
Call log:
  - navigating to "https://www.unepfi.org/about/structure", waiting until 
"domcontentloaded"


Code context:
 713                                   tag="GOTO",
 714                                   params={"url": url},
 715                               )
 716                               response = None
 717                           else:
 718 →                             raise RuntimeError(f"Failed on navigating 
ACS-GOTO:\n{str(e)}")
 719   
 720                       # 
──────────────────────────────────────────────────────────────
 721                       # Walk the redirect chain.  Playwright returns only 
the last
 722                       # hop, so we trace the `request.redirected_from` 
links until the
 723                       # first response that differs from the final one and 
surface its 
[ERROR]... × https://www.unepfi.org/...ture/leadership-council  | Error: 
Unexpected error in _crawl_web at line 718 in _crawl_web 
(../.pyenv/versions/3.10.13/lib/python3.10/site-packages/crawl4ai/async_crawler_
strategy.py):
Error: Failed on navigating ACS-GOTO:
Page.goto: Timeout 30000ms exceeded.
Call log:
  - navigating to "https://www.unepfi.org/about/structure/leadership-council", 
waiting until "domcontentloaded"


Code context:
 713                                   tag="GOTO",
 714                                   params={"url": url},
 715                               )
 716                               response = None
 717                           else:
 718 →                             raise RuntimeError(f"Failed on navigating 
ACS-GOTO:\n{str(e)}")
 719   
 720                       # 
──────────────────────────────────────────────────────────────
 721                       # Walk the redirect chain.  Playwright returns only 
the last
 722                       # hop, so we trace the `request.redirected_from` 
links until the
 723                       # first response that differs from the final one and 
surface its 
[ERROR]... × https://www.unepfi.org/...gprinciples/prb-academy  | Error: 
Unexpected error in _crawl_web at line 718 in _crawl_web 
(../.pyenv/versions/3.10.13/lib/python3.10/site-packages/crawl4ai/async_crawler_
strategy.py):
Error: Failed on navigating ACS-GOTO:
Page.goto: Timeout 30000ms exceeded.
Call log:
  - navigating to 
"https://www.unepfi.org/banking/bankingprinciples/prb-academy", waiting until 
"domcontentloaded"


Code context:
 713                                   tag="GOTO",
 714                                   params={"url": url},
 715                               )
 716                               response = None
 717                           else:
 718 →                             raise RuntimeError(f"Failed on navigating 
ACS-GOTO:\n{str(e)}")
 719   
 720                       # 
──────────────────────────────────────────────────────────────
 721                       # Walk the redirect chain.  Playwright returns only 
the last
 722                       # hop, so we trace the `request.redirected_from` 
links until the
 723                       # first response that differs from the final one and 
surface its 
[ERROR]... × https://www.unepfi.org/...obal-steering-committee  | Error: 
Unexpected error in _crawl_web at line 718 in _crawl_web 
(../.pyenv/versions/3.10.13/lib/python3.10/site-packages/crawl4ai/async_crawler_
strategy.py):
Error: Failed on navigating ACS-GOTO:
Page.goto: Timeout 30000ms exceeded.
Call log:
  - navigating to 
"https://www.unepfi.org/about/structure/global-steering-committee", waiting 
until "domcontentloaded"


Code context:
 713                                   tag="GOTO",
 714                                   params={"url": url},
 715                               )
 716                               response = None
 717                           else:
 718 →                             raise RuntimeError(f"Failed on navigating 
ACS-GOTO:\n{str(e)}")
 719   
 720                       # 
──────────────────────────────────────────────────────────────
 721                       # Walk the redirect chain.  Playwright returns only 
the last
 722                       # hop, so we trace the `request.redirected_from` 
links until the
 723                       # first response that differs from the final one and 
surface its 
[ERROR]... × https://www.unepfi.org/about                       | Error: 
Unexpected error in _crawl_web at line 718 in _crawl_web 
(../.pyenv/versions/3.10.13/lib/python3.10/site-packages/crawl4ai/async_crawler_
strategy.py):
Error: Failed on navigating ACS-GOTO:
Page.goto: Timeout 30000ms exceeded.
Call log:
  - navigating to "https://www.unepfi.org/about", waiting until 
"domcontentloaded"


Code context:
 713                                   tag="GOTO",
 714                                   params={"url": url},
 715                               )
 716                               response = None
 717                           else:
 718 →                             raise RuntimeError(f"Failed on navigating 
ACS-GOTO:\n{str(e)}")
 719   
 720                       # 
──────────────────────────────────────────────────────────────
 721                       # Walk the redirect chain.  Playwright returns only 
the last
 722                       # hop, so we trace the `request.redirected_from` 
links until the
 723                       # first response that differs from the final one and 
surface its 
[DEBUG]... ⋯ Body visibility info: True 
[FETCH]... ↓ https://www.unepfi.org/extranet                                    
| ✓ | ⏱: 66.54s 
[SCRAPE].. ◆ https://www.unepfi.org/extranet                                    
| ✓ | ⏱: 1.08s 
[COMPLETE] ● https://www.unepfi.org/extranet                                    
| ✓ | ⏱: 67.77s 
[FETCH]... ↓ https://www.unepfi.org                                             
| ✓ | ⏱: 74.21s 
[SCRAPE].. ◆ https://www.unepfi.org                                             
| ✓ | ⏱: 2.67s 
[COMPLETE] ● https://www.unepfi.org                                             
| ✓ | ⏱: 77.04s 
[FETCH]... ↓ https://www.unepfi.org/impact/impact-management-platform           
| ✓ | ⏱: 78.10s 
[SCRAPE].. ◆ https://www.unepfi.org/impact/impact-management-platform           
| ✓ | ⏱: 4.66s 
[COMPLETE] ● https://www.unepfi.org/impact/impact-management-platform           
| ✓ | ⏱: 83.42s 
[FETCH]... ↓ https://www.unepfi.org/impact/impact-protocol                      
| ✓ | ⏱: 27.53s 
[SCRAPE].. ◆ https://www.unepfi.org/impact/impact-protocol                      
| ✓ | ⏱: 1.66s 
[COMPLETE] ● https://www.unepfi.org/impact/impact-protocol                      
| ✓ | ⏱: 30.11s 
[FETCH]... ↓ https://www.unepfi.org/legal-framework-for-impact                  
| ✓ | ⏱: 53.82s 
[SCRAPE].. ◆ https://www.unepfi.org/legal-framework-for-impact                  
| ✓ | ⏱: 0.93s 
[COMPLETE] ● https://www.unepfi.org/legal-framework-for-impact                  
| ✓ | ⏱: 55.65s 
[FETCH]... ↓ https://www.unepfi.org/investment                                  
| ✓ | ⏱: 53.04s 
[SCRAPE].. ◆ https://www.unepfi.org/investment                                  
| ✓ | ⏱: 0.29s 
[COMPLETE] ● https://www.unepfi.org/investment                                  
| ✓ | ⏱: 53.38s 
[FETCH]... ↓ https://www.unepfi.org/insurance/psi-board                         
| ✓ | ⏱: 56.33s 
[SCRAPE].. ◆ https://www.unepfi.org/insurance/psi-board                         
| ✓ | ⏱: 0.22s 
[COMPLETE] ● https://www.unepfi.org/insurance/psi-board                         
| ✓ | ⏱: 56.56s 
[FETCH]... ↓ 
https://www.unepfi.org/industries/tackling-hidden-emissions-for-a-net-zero-trans
ition                | ✓ | ⏱: 56.60s 
[SCRAPE].. ◆ 
https://www.unepfi.org/industries/tackling-hidden-emissions-for-a-net-zero-trans
ition                | ✓ | ⏱: 0.12s 
[COMPLETE] ● 
https://www.unepfi.org/industries/tackling-hidden-emissions-for-a-net-zero-trans
ition                | ✓ | ⏱: 56.76s 
[FETCH]... ↓ https://www.unepfi.org/nature/food-systems                         
| ✓ | ⏱: 56.72s 
[SCRAPE].. ◆ https://www.unepfi.org/nature/food-systems                         
| ✓ | ⏱: 0.58s 
[COMPLETE] ● https://www.unepfi.org/nature/food-systems                         
| ✓ | ⏱: 57.52s 
[FETCH]... ↓ https://www.unepfi.org/nature                                      
| ✓ | ⏱: 57.73s 
[SCRAPE].. ◆ https://www.unepfi.org/nature                                      
| ✓ | ⏱: 2.80s 
[COMPLETE] ● https://www.unepfi.org/nature                                      
| ✓ | ⏱: 61.65s 
[FETCH]... ↓ https://www.unepfi.org/industries/banking/impact-protocol          
| ✓ | ⏱: 63.30s 
[SCRAPE].. ◆ https://www.unepfi.org/industries/banking/impact-protocol          
| ✓ | ⏱: 1.12s 
[COMPLETE] ● https://www.unepfi.org/industries/banking/impact-protocol          
| ✓ | ⏱: 64.49s 
[FETCH]... ↓ https://www.unepfi.org/insurance/insurance/projects                
| ✓ | ⏱: 64.35s 
[SCRAPE].. ◆ https://www.unepfi.org/insurance/insurance/projects                
| ✓ | ⏱: 0.11s 
[COMPLETE] ● https://www.unepfi.org/insurance/insurance/projects                
| ✓ | ⏱: 64.52s 
[FETCH]... ↓ https://www.unepfi.org/insurance                                   
| ✓ | ⏱: 64.03s 
[SCRAPE].. ◆ https://www.unepfi.org/insurance                                   
| ✓ | ⏱: 11.18s 
[COMPLETE] ● https://www.unepfi.org/insurance                                   
| ✓ | ⏱: 75.39s 
[FETCH]... ↓ https://www.unepfi.org/net-zero-alliance                           
| ✓ | ⏱: 77.31s 
[SCRAPE].. ◆ https://www.unepfi.org/net-zero-alliance                           
| ✓ | ⏱: 1.12s 
[COMPLETE] ● https://www.unepfi.org/net-zero-alliance                           
| ✓ | ⏱: 78.51s 
[FETCH]... ↓ https://www.unepfi.org/impact/unep-fi-impact-analysis-tools        
| ✓ | ⏱: 76.14s 
[SCRAPE].. ◆ https://www.unepfi.org/impact/unep-fi-impact-analysis-tools        
| ✓ | ⏱: 0.48s 
[COMPLETE] ● https://www.unepfi.org/impact/unep-fi-impact-analysis-tools        
| ✓ | ⏱: 76.95s 
[FETCH]... ↓ 
https://www.unepfi.org/industries/banking/respon...riorities-and-blueprint-for-a
-sustainable-future  | ✓ | ⏱: 78.80s 
[SCRAPE].. ◆ 
https://www.unepfi.org/industries/banking/respon...riorities-and-blueprint-for-a
-sustainable-future  | ✓ | ⏱: 1.51s 
[COMPLETE] ● 
https://www.unepfi.org/industries/banking/respon...riorities-and-blueprint-for-a
-sustainable-future  | ✓ | ⏱: 82.16s 
[FETCH]... ↓ https://www.unepfi.org/membership                                  
| ✓ | ⏱: 83.98s 
[SCRAPE].. ◆ https://www.unepfi.org/membership                                  
| ✓ | ⏱: 0.92s 
[COMPLETE] ● https://www.unepfi.org/membership                                  
| ✓ | ⏱: 84.99s 
[FETCH]... ↓ 
https://www.unepfi.org/learning-and-development-for-finance-professionals       
| ✓ | ⏱: 85.21s 
[SCRAPE].. ◆ 
https://www.unepfi.org/learning-and-development-for-finance-professionals       
| ✓ | ⏱: 0.15s 
[COMPLETE] ● 
https://www.unepfi.org/learning-and-development-for-finance-professionals       
| ✓ | ⏱: 85.40s 
[FETCH]... ↓ 
https://www.unepfi.org/industries/target-setting-protocol-fourth-edition        
| ✓ | ⏱: 85.48s 
[SCRAPE].. ◆ 
https://www.unepfi.org/industries/target-setting-protocol-fourth-edition        
| ✓ | ⏱: 0.16s 
[COMPLETE] ● 
https://www.unepfi.org/industries/target-setting-protocol-fourth-edition        
| ✓ | ⏱: 85.71s 
[FETCH]... ↓ https://www.unepfi.org/members                                     
| ✓ | ⏱: 82.99s 
[SCRAPE].. ◆ https://www.unepfi.org/members                                     
| ✓ | ⏱: 0.26s 
[COMPLETE] ● https://www.unepfi.org/members                                     
| ✓ | ⏱: 83.33s 
[FETCH]... ↓ https://www.unepfi.org/net-zero-banking                            
| ✓ | ⏱: 78.60s 
[SCRAPE].. ◆ https://www.unepfi.org/net-zero-banking                            
| ✓ | ⏱: 0.36s 
[COMPLETE] ● https://www.unepfi.org/net-zero-banking                            
| ✓ | ⏱: 79.06s 
[FETCH]... ↓ 
https://www.unepfi.org/news/remembering-richard-hansen-our-humble-high-flyer    
| ✓ | ⏱: 95.90s 
[SCRAPE].. ◆ 
https://www.unepfi.org/news/remembering-richard-hansen-our-humble-high-flyer    
| ✓ | ⏱: 3.68s 
[COMPLETE] ● 
https://www.unepfi.org/news/remembering-richard-hansen-our-humble-high-flyer    
| ✓ | ⏱: 101.00s 
[FETCH]... ↓ 
https://www.unepfi.org/news/regional-roundtables-on-sustainable-finance-2025    
| ✓ | ⏱: 103.53s 
[SCRAPE].. ◆ 
https://www.unepfi.org/news/regional-roundtables-on-sustainable-finance-2025    
| ✓ | ⏱: 0.98s 
[COMPLETE] ● 
https://www.unepfi.org/news/regional-roundtables-on-sustainable-finance-2025    
| ✓ | ⏱: 104.88s 
[FETCH]... ↓ https://www.unepfi.org/policy-and-regulation                       
| ✓ | ⏱: 92.58s 
[SCRAPE].. ◆ https://www.unepfi.org/policy-and-regulation                       
| ✓ | ⏱: 1.59s 
[COMPLETE] ● https://www.unepfi.org/policy-and-regulation                       
| ✓ | ⏱: 94.22s 
[FETCH]... ↓ https://www.unepfi.org/revenues-for-nature-community-of-practice   
| ✓ | ⏱: 54.93s 
[SCRAPE].. ◆ https://www.unepfi.org/revenues-for-nature-community-of-practice   
| ✓ | ⏱: 3.20s 
[COMPLETE] ● https://www.unepfi.org/revenues-for-nature-community-of-practice   
| ✓ | ⏱: 59.01s 
[FETCH]... ↓ https://www.unepfi.org/pollution-and-circular-economy/pollution    
| ✓ | ⏱: 59.80s 
[SCRAPE].. ◆ https://www.unepfi.org/pollution-and-circular-economy/pollution    
| ✓ | ⏱: 2.83s 
[COMPLETE] ● https://www.unepfi.org/pollution-and-circular-economy/pollution    
| ✓ | ⏱: 63.38s 
[FETCH]... ↓ 
https://www.unepfi.org/policy-and-regulation/regulatory-implementation-support-p
rogramme             | ✓ | ⏱: 77.34s 
[SCRAPE].. ◆ 
https://www.unepfi.org/policy-and-regulation/regulatory-implementation-support-p
rogramme             | ✓ | ⏱: 0.67s 
[COMPLETE] ● 
https://www.unepfi.org/policy-and-regulation/regulatory-implementation-support-p
rogramme             | ✓ | ⏱: 78.22s 
[FETCH]... ↓ https://www.unepfi.org/social-issues                               
| ✓ | ⏱: 58.46s 
[SCRAPE].. ◆ https://www.unepfi.org/social-issues                               
| ✓ | ⏱: 1.02s 
[COMPLETE] ● https://www.unepfi.org/social-issues                               
| ✓ | ⏱: 60.24s 
[FETCH]... ↓ https://www.unepfi.org/pollution-and-circular-economy              
| ✓ | ⏱: 81.88s 
[SCRAPE].. ◆ https://www.unepfi.org/pollution-and-circular-economy              
| ✓ | ⏱: 1.03s 
[COMPLETE] ● https://www.unepfi.org/pollution-and-circular-economy              
| ✓ | ⏱: 83.01s 
[FETCH]... ↓ https://www.unepfi.org/risk-centre                                 
| ✓ | ⏱: 63.93s 
[SCRAPE].. ◆ https://www.unepfi.org/risk-centre                                 
| ✓ | ⏱: 0.73s 
[COMPLETE] ● https://www.unepfi.org/risk-centre                                 
| ✓ | ⏱: 64.80s 
[FETCH]... ↓ 
https://www.unepfi.org/pollution-and-circular-economy/energy-efficiency         
| ✓ | ⏱: 71.65s 
[SCRAPE].. ◆ 
https://www.unepfi.org/pollution-and-circular-economy/energy-efficiency         
| ✓ | ⏱: 0.29s 
[COMPLETE] ● 
https://www.unepfi.org/pollution-and-circular-economy/energy-efficiency         
| ✓ | ⏱: 71.98s 
[FETCH]... ↓ https://www.unepfi.org/policy-and-regulation/regional-inititatives 
| ✓ | ⏱: 87.16s 
[SCRAPE].. ◆ https://www.unepfi.org/policy-and-regulation/regional-inititatives 
| ✓ | ⏱: 0.05s 
[COMPLETE] ● https://www.unepfi.org/policy-and-regulation/regional-inititatives 
| ✓ | ⏱: 87.22s 
[FETCH]... ↓ 
https://www.unepfi.org/pollution-and-circular-economy/circular-economy          
| ✓ | ⏱: 72.07s 
[SCRAPE].. ◆ 
https://www.unepfi.org/pollution-and-circular-economy/circular-economy          
| ✓ | ⏱: 0.27s 
[COMPLETE] ● 
https://www.unepfi.org/pollution-and-circular-economy/circular-economy          
| ✓ | ⏱: 72.35s 
[FETCH]... ↓ 
https://www.unepfi.org/regions/europe/unep-fi-to...-principles-for-responsible-b
anking-requirements  | ✓ | ⏱: 72.69s 
[SCRAPE].. ◆ 
https://www.unepfi.org/regions/europe/unep-fi-to...-principles-for-responsible-b
anking-requirements  | ✓ | ⏱: 0.10s 
[COMPLETE] ● 
https://www.unepfi.org/regions/europe/unep-fi-to...-principles-for-responsible-b
anking-requirements  | ✓ | ⏱: 72.84s 
[FETCH]... ↓ https://www.unepfi.org/social-issues/financial-health-and-inclusion
| ✓ | ⏱: 65.95s 
[SCRAPE].. ◆ https://www.unepfi.org/social-issues/financial-health-and-inclusion
| ✓ | ⏱: 0.50s 
[COMPLETE] ● https://www.unepfi.org/social-issues/financial-health-and-inclusion
| ✓ | ⏱: 66.48s 
[FETCH]... ↓ 
https://www.unepfi.org/themes/climate-change/tur...the-trillions-needed-for-the-
net-zero-transition  | ✓ | ⏱: 34.10s 
[SCRAPE].. ◆ 
https://www.unepfi.org/themes/climate-change/tur...the-trillions-needed-for-the-
net-zero-transition  | ✓ | ⏱: 0.71s 
[COMPLETE] ● 
https://www.unepfi.org/themes/climate-change/tur...the-trillions-needed-for-the-
net-zero-transition  | ✓ | ⏱: 34.82s 
[FETCH]... ↓ https://www.unepfi.org/the-v20-sustainable-insurance-facility      
| ✓ | ⏱: 67.39s 
[SCRAPE].. ◆ https://www.unepfi.org/the-v20-sustainable-insurance-facility      
| ✓ | ⏱: 0.03s 
[COMPLETE] ● https://www.unepfi.org/the-v20-sustainable-insurance-facility      
| ✓ | ⏱: 67.42s 
[FETCH]... ↓ https://www.unepfi.org/supporting-institutions                     
| ✓ | ⏱: 67.56s 
[SCRAPE].. ◆ https://www.unepfi.org/supporting-institutions                     
| ✓ | ⏱: 0.36s 
[COMPLETE] ● https://www.unepfi.org/supporting-institutions                     
| ✓ | ⏱: 67.94s 
[FETCH]... ↓ https://www.unepfi.org/social-issues/gender                        
| ✓ | ⏱: 68.72s 
[SCRAPE].. ◆ https://www.unepfi.org/social-issues/gender                        
| ✓ | ⏱: 0.62s 
[COMPLETE] ● https://www.unepfi.org/social-issues/gender                        
| ✓ | ⏱: 69.35s 
[FETCH]... ↓ https://www.unepfi.org/social-issues/human-rights                  
| ✓ | ⏱: 68.55s 
[SCRAPE].. ◆ https://www.unepfi.org/social-issues/human-rights                  
| ✓ | ⏱: 1.78s 
[COMPLETE] ● https://www.unepfi.org/social-issues/human-rights                  
| ✓ | ⏱: 70.43s 
[FETCH]... ↓ https://www.unepfi.org/the-investors-resilience-challenge          
| ✓ | ⏱: 70.89s 
[SCRAPE].. ◆ https://www.unepfi.org/the-investors-resilience-challenge          
| ✓ | ⏱: 0.22s 
[COMPLETE] ● https://www.unepfi.org/the-investors-resilience-challenge          
| ✓ | ⏱: 71.12s 
[FETCH]... ↓ https://www.unepfi.org/social-issues/just-transition               
| ✓ | ⏱: 70.96s 
[SCRAPE].. ◆ https://www.unepfi.org/social-issues/just-transition               
| ✓ | ⏱: 0.11s 
[COMPLETE] ● https://www.unepfi.org/social-issues/just-transition               
| ✓ | ⏱: 71.07s 
[FETCH]... ↓ 
https://www.unepfi.org/banking/unep-fi-banking-m...programme/circular-economy-co
mmunity-of-practice  | ✓ | ⏱: 62.27s 
[SCRAPE].. ◆ 
https://www.unepfi.org/banking/unep-fi-banking-m...programme/circular-economy-co
mmunity-of-practice  | ✓ | ⏱: 1.91s 
[COMPLETE] ● 
https://www.unepfi.org/banking/unep-fi-banking-m...programme/circular-economy-co
mmunity-of-practice  | ✓ | ⏱: 64.73s 
[ERROR]... × http://www.unepfi.org/n...-supporting-institution  | Error: 
Unexpected error in _crawl_web at line 718 in _crawl_web 
(../.pyenv/versions/3.10.13/lib/python3.10/site-packages/crawl4ai/async_crawler_
strategy.py):
Error: Failed on navigating ACS-GOTO:
Page.goto: Timeout 30000ms exceeded.
Call log:
  - navigating to 
"http://www.unepfi.org/news/industries/banking/basa-signs-agreement-to-join-unep
-fi-as-supporting-institution", waiting until "domcontentloaded"


Code context:
 713                                   tag="GOTO",
 714                                   params={"url": url},
 715                               )
 716                               response = None
 717                           else:
 718 →                             raise RuntimeError(f"Failed on navigating 
ACS-GOTO:\n{str(e)}")
 719   
 720                       # 
──────────────────────────────────────────────────────────────
 721                       # Walk the redirect chain.  Playwright returns only 
the last
 722                       # hop, so we trace the `request.redirected_from` 
links until the
 723                       # first response that differs from the final one and 
surface its 
[ERROR]... × https://www.unepfi.org/...implementation/guidance  | Error: 
Unexpected error in _crawl_web at line 718 in _crawl_web 
(../.pyenv/versions/3.10.13/lib/python3.10/site-packages/crawl4ai/async_crawler_
strategy.py):
Error: Failed on navigating ACS-GOTO:
Page.goto: Timeout 30000ms exceeded.
Call log:
  - navigating to 
"https://www.unepfi.org/banking/bankingprinciples/resources-for-implementation/g
uidance", waiting until "domcontentloaded"


Code context:
 713                                   tag="GOTO",
 714                                   params={"url": url},
 715                               )
 716                               response = None
 717                           else:
 718 →                             raise RuntimeError(f"Failed on navigating 
ACS-GOTO:\n{str(e)}")
 719   
 720                       # 
──────────────────────────────────────────────────────────────
 721                       # Walk the redirect chain.  Playwright returns only 
the last
 722                       # hop, so we trace the `request.redirected_from` 
links until the
 723                       # first response that differs from the final one and 
surface its 
[ERROR]... × https://www.unepfi.org/...75&ca[]=204&concluded=1  | Error: 
Unexpected error in _crawl_web at line 718 in _crawl_web 
(../.pyenv/versions/3.10.13/lib/python3.10/site-packages/crawl4ai/async_crawler_
strategy.py):
Error: Failed on navigating ACS-GOTO:
Page.goto: Timeout 30000ms exceeded.
Call log:
  - navigating to 
"https://www.unepfi.org/category/events?ca%5B%5D=475&ca%5B%5D=204&concluded=1", 
waiting until "domcontentloaded"


Code context:
 713                                   tag="GOTO",
 714                                   params={"url": url},
 715                               )
 716                               response = None
 717                           else:
 718 →                             raise RuntimeError(f"Failed on navigating 
ACS-GOTO:\n{str(e)}")
 719   
 720                       # 
──────────────────────────────────────────────────────────────
 721                       # Walk the redirect chain.  Playwright returns only 
the last
 722                       # hop, so we trace the `request.redirected_from` 
links until the
 723                       # first response that differs from the final one and 
surface its 
[ERROR]... × https://www.unepfi.org/...ing/prb/impact-analysis  | Error: 
Unexpected error in _crawl_web at line 718 in _crawl_web 
(../.pyenv/versions/3.10.13/lib/python3.10/site-packages/crawl4ai/async_crawler_
strategy.py):
Error: Failed on navigating ACS-GOTO:
Page.goto: Timeout 30000ms exceeded.
Call log:
  - navigating to 
"https://www.unepfi.org/category/industries/banking/prb/impact-analysis", 
waiting until "domcontentloaded"


Code context:
 713                                   tag="GOTO",
 714                                   params={"url": url},
 715                               )
 716                               response = None
 717                           else:
 718 →                             raise RuntimeError(f"Failed on navigating 
ACS-GOTO:\n{str(e)}")
 719   
 720                       # 
──────────────────────────────────────────────────────────────
 721                       # Walk the redirect chain.  Playwright returns only 
the last
 722                       # hop, so we trace the `request.redirected_from` 
links until the
 723                       # first response that differs from the final one and 
surface its 
[ERROR]... × https://www.unepfi.org/...ty/prb-nature-community  | Error: 
Unexpected error in _crawl_web at line 718 in _crawl_web 
(../.pyenv/versions/3.10.13/lib/python3.10/site-packages/crawl4ai/async_crawler_
strategy.py):
Error: Failed on navigating ACS-GOTO:
Page.goto: Timeout 30000ms exceeded.
Call log:
  - navigating to 
"https://www.unepfi.org/banking/unep-fi-banking-members-space/biodiversity/prb-n
ature-community", waiting until "domcontentloaded"


Code context:
 713                                   tag="GOTO",
 714                                   params={"url": url},
 715                               )
 716                               response = None
 717                           else:
 718 →                             raise RuntimeError(f"Failed on navigating 
ACS-GOTO:\n{str(e)}")
 719   
 720                       # 
──────────────────────────────────────────────────────────────
 721                       # Walk the redirect chain.  Playwright returns only 
the last
 722                       # hop, so we trace the `request.redirected_from` 
links until the
 723                       # first response that differs from the final one and 
surface its 
[ERROR]... × https://www.unepfi.org/blue-finance/the-principles | Error: 
Unexpected error in _crawl_web at line 718 in _crawl_web 
(../.pyenv/versions/3.10.13/lib/python3.10/site-packages/crawl4ai/async_crawler_
strategy.py):
Error: Failed on navigating ACS-GOTO:
Page.goto: Timeout 30000ms exceeded.
Call log:
  - navigating to "https://www.unepfi.org/blue-finance/the-principles", waiting 
until "domcontentloaded"


Code context:
 713                                   tag="GOTO",
 714                                   params={"url": url},
 715                               )
 716                               response = None
 717                           else:
 718 →                             raise RuntimeError(f"Failed on navigating 
ACS-GOTO:\n{str(e)}")
 719   
 720                       # 
──────────────────────────────────────────────────────────────
 721                       # Walk the redirect chain.  Playwright returns only 
the last
 722                       # hop, so we trace the `request.redirected_from` 
links until the
 723                       # first response that differs from the final one and 
surface its 
[ERROR]... × http://www.unepfi.org/n...-supporting-institution  | Error: 
Unexpected error in _crawl_web at line 718 in _crawl_web 
(../.pyenv/versions/3.10.13/lib/python3.10/site-packages/crawl4ai/async_crawler_
strategy.py):
Error: Failed on navigating ACS-GOTO:
Page.goto: Timeout 30000ms exceeded.
Call log:
  - navigating to 
"http://www.unepfi.org/news/industries/banking/union-of-arab-banks-uab-first-ins
titution-in-the-arab-region-to-join-unep-finance-initiative-as-supporting-instit
ution", waiting until "domcontentloaded"


Code context:
 713                                   tag="GOTO",
 714                                   params={"url": url},
 715                               )
 716                               response = None
 717                           else:
 718 →                             raise RuntimeError(f"Failed on navigating 
ACS-GOTO:\n{str(e)}")
 719   
 720                       # 
──────────────────────────────────────────────────────────────
 721                       # Walk the redirect chain.  Playwright returns only 
the last
 722                       # hop, so we trace the `request.redirected_from` 
links until the
 723                       # first response that differs from the final one and 
surface its 
[ERROR]... × http://www.unepfi.org/n...-supporting-institution  | Error: 
Unexpected error in _crawl_web at line 718 in _crawl_web 
(../.pyenv/versions/3.10.13/lib/python3.10/site-packages/crawl4ai/async_crawler_
strategy.py):
Error: Failed on navigating ACS-GOTO:
Page.goto: Timeout 30000ms exceeded.
Call log:
  - navigating to 
"http://www.unepfi.org/news/industries/banking/the-association-of-banks-in-jorda
n-joins-unep-finance-initiative-as-supporting-institution", waiting until 
"domcontentloaded"


Code context:
 713                                   tag="GOTO",
 714                                   params={"url": url},
 715                               )
 716                               response = None
 717                           else:
 718 →                             raise RuntimeError(f"Failed on navigating 
ACS-GOTO:\n{str(e)}")
 719   
 720                       # 
──────────────────────────────────────────────────────────────
 721                       # Walk the redirect chain.  Playwright returns only 
the last
 722                       # hop, so we trace the `request.redirected_from` 
links until the
 723                       # first response that differs from the final one and 
surface its 
[DEBUG]... ⋯ Body visibility info: True 
[DEBUG]... ⋯ Body visibility info: True 
[DEBUG]... ⋯ Body visibility info: True 
[DEBUG]... ⋯ Body visibility info: True 
[FETCH]... ↓ https://www.unepfi.org/category/industries                         
| ✓ | ⏱: 65.42s 
[SCRAPE].. ◆ https://www.unepfi.org/category/industries                         
| ✓ | ⏱: 0.14s 
[COMPLETE] ● https://www.unepfi.org/category/industries                         
| ✓ | ⏱: 65.69s 
[FETCH]... ↓ 
http://www.unepfi.org/banking/bankingprinciples/impact-analysis-guidance-and-too
l                    | ✓ | ⏱: 68.76s 
[SCRAPE].. ◆ 
http://www.unepfi.org/banking/bankingprinciples/impact-analysis-guidance-and-too
l                    | ✓ | ⏱: 0.21s 
[COMPLETE] ● 
http://www.unepfi.org/banking/bankingprinciples/impact-analysis-guidance-and-too
l                    | ✓ | ⏱: 68.98s 
[FETCH]... ↓ https://www.unepfi.org/banking/unep-fi-banking-members-space       
| ✓ | ⏱: 66.32s 
[SCRAPE].. ◆ https://www.unepfi.org/banking/unep-fi-banking-members-space       
| ✓ | ⏱: 0.13s 
[COMPLETE] ● https://www.unepfi.org/banking/unep-fi-banking-members-space       
| ✓ | ⏱: 66.46s 
[FETCH]... ↓ https://www.unepfi.org/category/events?ca[0]=5&concluded=1         
| ✓ | ⏱: 66.70s 
[SCRAPE].. ◆ https://www.unepfi.org/category/events?ca[0]=5&concluded=1         
| ✓ | ⏱: 0.19s 
[COMPLETE] ● https://www.unepfi.org/category/events?ca[0]=5&concluded=1         
| ✓ | ⏱: 66.91s 
[FETCH]... ↓ https://www.unepfi.org/category/events/unepfi-roundtable           
| ✓ | ⏱: 66.93s 
[SCRAPE].. ◆ https://www.unepfi.org/category/events/unepfi-roundtable           
| ✓ | ⏱: 0.82s 
[COMPLETE] ● https://www.unepfi.org/category/events/unepfi-roundtable           
| ✓ | ⏱: 67.76s 
[FETCH]... ↓ 
https://www.unepfi.org/category/industries/banking/prb/prb-implementation       
| ✓ | ⏱: 67.83s 
[SCRAPE].. ◆ 
https://www.unepfi.org/category/industries/banking/prb/prb-implementation       
| ✓ | ⏱: 0.22s 
[COMPLETE] ● 
https://www.unepfi.org/category/industries/banking/prb/prb-implementation       
| ✓ | ⏱: 68.05s 
[FETCH]... ↓ https://www.unepfi.org/category/industries/banking/prb             
| ✓ | ⏱: 68.06s 
[SCRAPE].. ◆ https://www.unepfi.org/category/industries/banking/prb             
| ✓ | ⏱: 0.13s 
[COMPLETE] ● https://www.unepfi.org/category/industries/banking/prb             
| ✓ | ⏱: 68.19s 
[FETCH]... ↓ https://www.unepfi.org/category/events?ca[]=19                     
| ✓ | ⏱: 68.17s 
[SCRAPE].. ◆ https://www.unepfi.org/category/events?ca[]=19                     
| ✓ | ⏱: 0.10s 
[COMPLETE] ● https://www.unepfi.org/category/events?ca[]=19                     
| ✓ | ⏱: 68.28s 
[FETCH]... ↓ 
https://www.unepfi.org/banking/unep-fi-banking-members-space/implementation-prog
ramme                | ✓ | ⏱: 68.34s 
[SCRAPE].. ◆ 
https://www.unepfi.org/banking/unep-fi-banking-members-space/implementation-prog
ramme                | ✓ | ⏱: 0.10s 
[COMPLETE] ● 
https://www.unepfi.org/banking/unep-fi-banking-members-space/implementation-prog
ramme                | ✓ | ⏱: 68.45s 
[FETCH]... ↓ 
https://www.unepfi.org/category/industries/banking/prb/target-setting           
| ✓ | ⏱: 68.40s 
[SCRAPE].. ◆ 
https://www.unepfi.org/category/industries/banking/prb/target-setting           
| ✓ | ⏱: 0.10s 
[COMPLETE] ● 
https://www.unepfi.org/category/industries/banking/prb/target-setting           
| ✓ | ⏱: 68.50s 
[FETCH]... ↓ https://www.unepfi.org/banking/initiatives/eu-taxonomy             
| ✓ | ⏱: 68.55s 
[SCRAPE].. ◆ https://www.unepfi.org/banking/initiatives/eu-taxonomy             
| ✓ | ⏱: 0.08s 
[COMPLETE] ● https://www.unepfi.org/banking/initiatives/eu-taxonomy             
| ✓ | ⏱: 68.63s 
[FETCH]... ↓ https://www.unepfi.org/category/news?ca[]=5                        
| ✓ | ⏱: 7.72s 
[SCRAPE].. ◆ https://www.unepfi.org/category/news?ca[]=5                        
| ✓ | ⏱: 15.26s 
[COMPLETE] ● https://www.unepfi.org/category/news?ca[]=5                        
| ✓ | ⏱: 23.17s 
[FETCH]... ↓ 
https://www.unepfi.org/climate-change/adaptation/adaptation-and-resilience-inves
tors-collaborative   | ✓ | ⏱: 35.80s 
[SCRAPE].. ◆ 
https://www.unepfi.org/climate-change/adaptation/adaptation-and-resilience-inves
tors-collaborative   | ✓ | ⏱: 0.35s 
[COMPLETE] ● 
https://www.unepfi.org/climate-change/adaptation/adaptation-and-resilience-inves
tors-collaborative   | ✓ | ⏱: 36.44s 
[FETCH]... ↓ https://www.unepfi.org/climate-change/tcfd/tcfd-for-investors      
| ✓ | ⏱: 37.34s 
[SCRAPE].. ◆ https://www.unepfi.org/climate-change/tcfd/tcfd-for-investors      
| ✓ | ⏱: 1.26s 
[COMPLETE] ● https://www.unepfi.org/climate-change/tcfd/tcfd-for-investors      
| ✓ | ⏱: 38.70s 
[FETCH]... ↓ https://www.unepfi.org/category/regions/europe                     
| ✓ | ⏱: 46.14s 
[SCRAPE].. ◆ https://www.unepfi.org/category/regions/europe                     
| ✓ | ⏱: 1.91s 
[COMPLETE] ● https://www.unepfi.org/category/regions/europe                     
| ✓ | ⏱: 48.43s 
[FETCH]... ↓ https://www.unepfi.org/category/publications?ca[]=20               
| ✓ | ⏱: 53.89s 
[SCRAPE].. ◆ https://www.unepfi.org/category/publications?ca[]=20               
| ✓ | ⏱: 0.47s 
[COMPLETE] ● https://www.unepfi.org/category/publications?ca[]=20               
| ✓ | ⏱: 54.52s 
[FETCH]... ↓ https://www.unepfi.org/events/regional-roundtable-europe-2025      
| ✓ | ⏱: 55.08s 
[SCRAPE].. ◆ https://www.unepfi.org/events/regional-roundtable-europe-2025      
| ✓ | ⏱: 0.34s 
[COMPLETE] ● https://www.unepfi.org/events/regional-roundtable-europe-2025      
| ✓ | ⏱: 55.47s 
[FETCH]... ↓ 
https://www.unepfi.org/events/new-green-shoots-2026-the-future-is-fungi         
| ✓ | ⏱: 55.09s 
[SCRAPE].. ◆ 
https://www.unepfi.org/events/new-green-shoots-2026-the-future-is-fungi         
| ✓ | ⏱: 0.11s 
[COMPLETE] ● 
https://www.unepfi.org/events/new-green-shoots-2026-the-future-is-fungi         
| ✓ | ⏱: 55.23s 
[FETCH]... ↓ https://www.unepfi.org/category/publications?ca[]=5                
| ✓ | ⏱: 56.63s 
[SCRAPE].. ◆ https://www.unepfi.org/category/publications?ca[]=5                
| ✓ | ⏱: 0.16s 
[COMPLETE] ● https://www.unepfi.org/category/publications?ca[]=5                
| ✓ | ⏱: 56.82s 
[FETCH]... ↓ 
https://www.unepfi.org/category/themes/climate-change/asset-owner-alliance      
| ✓ | ⏱: 54.93s 
[SCRAPE].. ◆ 
https://www.unepfi.org/category/themes/climate-change/asset-owner-alliance      
| ✓ | ⏱: 0.18s 
[COMPLETE] ● 
https://www.unepfi.org/category/themes/climate-change/asset-owner-alliance      
| ✓ | ⏱: 55.13s 
[FETCH]... ↓ 
https://www.unepfi.org/events/financiamiento-para-la-transicion-justa-en-america
-latina-y-el-caribe  | ✓ | ⏱: 55.67s 
[SCRAPE].. ◆ 
https://www.unepfi.org/events/financiamiento-para-la-transicion-justa-en-america
-latina-y-el-caribe  | ✓ | ⏱: 0.10s 
[COMPLETE] ● 
https://www.unepfi.org/events/financiamiento-para-la-transicion-justa-en-america
-latina-y-el-caribe  | ✓ | ⏱: 55.81s 
[FETCH]... ↓ https://www.unepfi.org/events/unep-fi-global-roundtable-2026       
| ✓ | ⏱: 56.79s 
[SCRAPE].. ◆ https://www.unepfi.org/events/unep-fi-global-roundtable-2026       
| ✓ | ⏱: 0.04s 
[COMPLETE] ● https://www.unepfi.org/events/unep-fi-global-roundtable-2026       
| ✓ | ⏱: 56.85s 
[FETCH]... ↓ 
https://www.unepfi.org/events/webinar-eu-carbon-...nt-mechanism-insights-for-fin
ancial-institutions  | ✓ | ⏱: 56.83s 
[SCRAPE].. ◆ 
https://www.unepfi.org/events/webinar-eu-carbon-...nt-mechanism-insights-for-fin
ancial-institutions  | ✓ | ⏱: 0.14s 
[COMPLETE] ● 
https://www.unepfi.org/events/webinar-eu-carbon-...nt-mechanism-insights-for-fin
ancial-institutions  | ✓ | ⏱: 56.99s 
[FETCH]... ↓ https://www.unepfi.org/category/publications?ca[]=475              
| ✓ | ⏱: 57.69s 
[SCRAPE].. ◆ https://www.unepfi.org/category/publications?ca[]=475              
| ✓ | ⏱: 0.18s 
[COMPLETE] ● https://www.unepfi.org/category/publications?ca[]=475              
| ✓ | ⏱: 57.90s 
[FETCH]... ↓ 
https://www.unepfi.org/events/advancing-the-just...-from-emerging-practice-in-ba
nking-and-insurance  | ✓ | ⏱: 58.53s 
[SCRAPE].. ◆ 
https://www.unepfi.org/events/advancing-the-just...-from-emerging-practice-in-ba
nking-and-insurance  | ✓ | ⏱: 1.21s 
[COMPLETE] ● 
https://www.unepfi.org/events/advancing-the-just...-from-emerging-practice-in-ba
nking-and-insurance  | ✓ | ⏱: 59.77s 
[FETCH]... ↓ 
https://www.unepfi.org/events/leveraging-the-pri...-for-responsible-banking-for-
csrd-implementation  | ✓ | ⏱: 60.11s 
[SCRAPE].. ◆ 
https://www.unepfi.org/events/leveraging-the-pri...-for-responsible-banking-for-
csrd-implementation  | ✓ | ⏱: 0.35s 
[COMPLETE] ● 
https://www.unepfi.org/events/leveraging-the-pri...-for-responsible-banking-for-
csrd-implementation  | ✓ | ⏱: 60.67s 
[FETCH]... ↓ https://www.unepfi.org/category/themes                             
| ✓ | ⏱: 62.32s 
[SCRAPE].. ◆ https://www.unepfi.org/category/themes                             
| ✓ | ⏱: 0.85s 
[COMPLETE] ● https://www.unepfi.org/category/themes                             
| ✓ | ⏱: 63.21s 
[FETCH]... ↓ 
https://www.unepfi.org/events/webinar-environmental-scenario-analysis-with-eba  
| ✓ | ⏱: 62.26s 
[SCRAPE].. ◆ 
https://www.unepfi.org/events/webinar-environmental-scenario-analysis-with-eba  
| ✓ | ⏱: 0.54s 
[COMPLETE] ● 
https://www.unepfi.org/events/webinar-environmental-scenario-analysis-with-eba  
| ✓ | ⏱: 62.83s 
[FETCH]... ↓ 
https://www.unepfi.org/events/desarrollos-regula...sicion-para-las-instituciones
-financieras-de-alc  | ✓ | ⏱: 62.39s 
[SCRAPE].. ◆ 
https://www.unepfi.org/events/desarrollos-regula...sicion-para-las-instituciones
-financieras-de-alc  | ✓ | ⏱: 0.23s 
[COMPLETE] ● 
https://www.unepfi.org/events/desarrollos-regula...sicion-para-las-instituciones
-financieras-de-alc  | ✓ | ⏱: 62.65s 
[FETCH]... ↓ https://www.unepfi.org/climate-change/tcfd/resources               
| ✓ | ⏱: 65.14s 
[SCRAPE].. ◆ https://www.unepfi.org/climate-change/tcfd/resources               
| ✓ | ⏱: 0.38s 
[COMPLETE] ● https://www.unepfi.org/climate-change/tcfd/resources               
| ✓ | ⏱: 65.53s 
[FETCH]... ↓ 
https://www.unepfi.org/events/unep-fi-regional-roundtable-latin-america-caribbea
n-2025-members-only  | ✓ | ⏱: 63.62s 
[SCRAPE].. ◆ 
https://www.unepfi.org/events/unep-fi-regional-roundtable-latin-america-caribbea
n-2025-members-only  | ✓ | ⏱: 5.83s 
[COMPLETE] ● 
https://www.unepfi.org/events/unep-fi-regional-roundtable-latin-america-caribbea
n-2025-members-only  | ✓ | ⏱: 70.13s 
[FETCH]... ↓ https://www.unepfi.org/extranet/get-involved                       
| ✓ | ⏱: 45.24s 
[SCRAPE].. ◆ https://www.unepfi.org/extranet/get-involved                       
| ✓ | ⏱: 0.47s 
[COMPLETE] ● https://www.unepfi.org/extranet/get-involved                       
| ✓ | ⏱: 45.82s 
[FETCH]... ↓ 
https://www.unepfi.org/extranet/get-involved/regulatory-implementation-support-p
rogramme-calendar    | ✓ | ⏱: 32.21s 
[SCRAPE].. ◆ 
https://www.unepfi.org/extranet/get-involved/regulatory-implementation-support-p
rogramme-calendar    | ✓ | ⏱: 0.88s 
[COMPLETE] ● 
https://www.unepfi.org/extranet/get-involved/regulatory-implementation-support-p
rogramme-calendar    | ✓ | ⏱: 33.61s 
[FETCH]... ↓ 
https://www.unepfi.org/extranet/get-involved/regulatory-implementation-support-p
rogramme-calendar-2  | ✓ | ⏱: 28.83s 
[SCRAPE].. ◆ 
https://www.unepfi.org/extranet/get-involved/regulatory-implementation-support-p
rogramme-calendar-2  | ✓ | ⏱: 0.16s 
[COMPLETE] ● 
https://www.unepfi.org/extranet/get-involved/regulatory-implementation-support-p
rogramme-calendar-2  | ✓ | ⏱: 29.00s 
[FETCH]... ↓ 
https://www.unepfi.org/extranet/regions/regional...le-on-sustainable-finance-for
-north-america-2025  | ✓ | ⏱: 21.95s 
[SCRAPE].. ◆ 
https://www.unepfi.org/extranet/regions/regional...le-on-sustainable-finance-for
-north-america-2025  | ✓ | ⏱: 0.28s 
[COMPLETE] ● 
https://www.unepfi.org/extranet/regions/regional...le-on-sustainable-finance-for
-north-america-2025  | ✓ | ⏱: 22.24s 
[FETCH]... ↓ https://www.unepfi.org/impact/impact-radar-mappings                
| ✓ | ⏱: 24.36s 
[SCRAPE].. ◆ https://www.unepfi.org/impact/impact-radar-mappings                
| ✓ | ⏱: 0.93s 
[COMPLETE] ● https://www.unepfi.org/impact/impact-radar-mappings                
| ✓ | ⏱: 25.39s 
[FETCH]... ↓ https://www.unepfi.org/impact/impact-radar-mappings/impactmappings 
| ✓ | ⏱: 25.90s 
[SCRAPE].. ◆ https://www.unepfi.org/impact/impact-radar-mappings/impactmappings 
| ✓ | ⏱: 0.28s 
[COMPLETE] ● https://www.unepfi.org/impact/impact-radar-mappings/impactmappings 
| ✓ | ⏱: 26.21s 
[FETCH]... ↓ 
https://www.unepfi.org/impact/background-on-the-unep-fi-impact-centre           
| ✓ | ⏱: 26.20s 
[SCRAPE].. ◆ 
https://www.unepfi.org/impact/background-on-the-unep-fi-impact-centre           
| ✓ | ⏱: 0.46s 
[COMPLETE] ● 
https://www.unepfi.org/impact/background-on-the-unep-fi-impact-centre           
| ✓ | ⏱: 26.68s 
[FETCH]... ↓ https://www.unepfi.org/humanrightstoolkit                          
| ✓ | ⏱: 26.68s 
[SCRAPE].. ◆ https://www.unepfi.org/humanrightstoolkit                          
| ✓ | ⏱: 0.25s 
[COMPLETE] ● https://www.unepfi.org/humanrightstoolkit                          
| ✓ | ⏱: 26.95s 
[FETCH]... ↓ 
https://www.unepfi.org/impact/impact-radar-mappings/impactmappings/needs-mapping
| ✓ | ⏱: 26.99s 
[SCRAPE].. ◆ 
https://www.unepfi.org/impact/impact-radar-mappings/impactmappings/needs-mapping
| ✓ | ⏱: 0.11s 
[COMPLETE] ● 
https://www.unepfi.org/impact/impact-radar-mappings/impactmappings/needs-mapping
| ✓ | ⏱: 27.11s 
[FETCH]... ↓ https://www.unepfi.org/impact/contact-us                           
| ✓ | ⏱: 27.34s 
[SCRAPE].. ◆ https://www.unepfi.org/impact/contact-us                           
| ✓ | ⏱: 0.17s 
[COMPLETE] ● https://www.unepfi.org/impact/contact-us                           
| ✓ | ⏱: 27.52s 
[FETCH]... ↓ 
https://www.unepfi.org/impact/impact-radar-mappings/impactmappings/sectors-mappi
ng                   | ✓ | ⏱: 28.10s 
[SCRAPE].. ◆ 
https://www.unepfi.org/impact/impact-radar-mappings/impactmappings/sectors-mappi
ng                   | ✓ | ⏱: 0.21s 
[COMPLETE] ● 
https://www.unepfi.org/impact/impact-radar-mappings/impactmappings/sectors-mappi
ng                   | ✓ | ⏱: 28.32s 
[FETCH]... ↓ 
https://www.unepfi.org/impact/impact-radar-mappings/impactmappings/interlinkages
-mapping             | ✓ | ⏱: 27.79s 
[SCRAPE].. ◆ 
https://www.unepfi.org/impact/impact-radar-mappings/impactmappings/interlinkages
-mapping             | ✓ | ⏱: 0.27s 
[COMPLETE] ● 
https://www.unepfi.org/impact/impact-radar-mappings/impactmappings/interlinkages
-mapping             | ✓ | ⏱: 28.07s 
[FETCH]... ↓ 
https://www.unepfi.org/impact/impact-radar-mappings/impactmappings/user-guide-to
-the-impact-mappings | ✓ | ⏱: 16.41s 
[SCRAPE].. ◆ 
https://www.unepfi.org/impact/impact-radar-mappings/impactmappings/user-guide-to
-the-impact-mappings | ✓ | ⏱: 0.41s 
[COMPLETE] ● 
https://www.unepfi.org/impact/impact-radar-mappings/impactmappings/user-guide-to
-the-impact-mappings | ✓ | ⏱: 16.84s 
[FETCH]... ↓ https://www.unepfi.org/impact/impact-radar-mappings/sdg-mappings   
| ✓ | ⏱: 26.75s 
[SCRAPE].. ◆ https://www.unepfi.org/impact/impact-radar-mappings/sdg-mappings   
| ✓ | ⏱: 0.75s 
[COMPLETE] ● https://www.unepfi.org/impact/impact-radar-mappings/sdg-mappings   
| ✓ | ⏱: 27.59s 
[FETCH]... ↓ https://www.unepfi.org/impact/interoperability                     
| ✓ | ⏱: 28.04s 
[SCRAPE].. ◆ https://www.unepfi.org/impact/interoperability                     
| ✓ | ⏱: 0.75s 
[COMPLETE] ● https://www.unepfi.org/impact/interoperability                     
| ✓ | ⏱: 29.18s 
[FETCH]... ↓ 
https://www.unepfi.org/impact/impact-radar-mappings/indicator-library           
| ✓ | ⏱: 29.40s 
[SCRAPE].. ◆ 
https://www.unepfi.org/impact/impact-radar-mappings/indicator-library           
| ✓ | ⏱: 1.65s 
[COMPLETE] ● 
https://www.unepfi.org/impact/impact-radar-mappings/indicator-library           
| ✓ | ⏱: 31.32s 
[FETCH]... ↓ 
https://www.unepfi.org/impact/interoperability/european-sustainability-reporting
-standards-esrs      | ✓ | ⏱: 29.19s 
[SCRAPE].. ◆ 
https://www.unepfi.org/impact/interoperability/european-sustainability-reporting
-standards-esrs      | ✓ | ⏱: 2.49s 
[COMPLETE] ● 
https://www.unepfi.org/impact/interoperability/european-sustainability-reporting
-standards-esrs      | ✓ | ⏱: 32.66s 
[FETCH]... ↓ https://www.unepfi.org/impact/opportunities-to-engage              
| ✓ | ⏱: 57.79s 
[SCRAPE].. ◆ https://www.unepfi.org/impact/opportunities-to-engage              
| ✓ | ⏱: 0.17s 
[COMPLETE] ● https://www.unepfi.org/impact/opportunities-to-engage              
| ✓ | ⏱: 57.98s 
[FETCH]... ↓ https://www.unepfi.org/impact/member-implementation-support        
| ✓ | ⏱: 58.00s 
[SCRAPE].. ◆ https://www.unepfi.org/impact/member-implementation-support        
| ✓ | ⏱: 0.10s 
[COMPLETE] ● https://www.unepfi.org/impact/member-implementation-support        
| ✓ | ⏱: 58.11s 
[FETCH]... ↓ 
https://www.unepfi.org/impact/unep-fi-impact-analysis-tools/corporate-impact-too
l                    | ✓ | ⏱: 55.45s 
[SCRAPE].. ◆ 
https://www.unepfi.org/impact/unep-fi-impact-analysis-tools/corporate-impact-too
l                    | ✓ | ⏱: 0.14s 
[COMPLETE] ● 
https://www.unepfi.org/impact/unep-fi-impact-analysis-tools/corporate-impact-too
l                    | ✓ | ⏱: 55.60s 
[FETCH]... ↓ 
https://www.unepfi.org/impact/unep-fi-impact-ana...-tools/investment-portfolio-i
mpact-analysis-tool  | ✓ | ⏱: 55.65s 
[SCRAPE].. ◆ 
https://www.unepfi.org/impact/unep-fi-impact-ana...-tools/investment-portfolio-i
mpact-analysis-tool  | ✓ | ⏱: 0.57s 
[COMPLETE] ● 
https://www.unepfi.org/impact/unep-fi-impact-ana...-tools/investment-portfolio-i
mpact-analysis-tool  | ✓ | ⏱: 56.36s 
[FETCH]... ↓ https://www.unepfi.org/impact/rethinking-impact                    
| ✓ | ⏱: 59.17s 
[SCRAPE].. ◆ https://www.unepfi.org/impact/rethinking-impact                    
| ✓ | ⏱: 0.36s 
[COMPLETE] ● https://www.unepfi.org/impact/rethinking-impact                    
| ✓ | ⏱: 59.64s 
[FETCH]... ↓ 
https://www.unepfi.org/impact/unep-fi-impact-analysis-tools/model-frameworks    
| ✓ | ⏱: 56.00s 
[SCRAPE].. ◆ 
https://www.unepfi.org/impact/unep-fi-impact-analysis-tools/model-frameworks    
| ✓ | ⏱: 0.35s 
[COMPLETE] ● 
https://www.unepfi.org/impact/unep-fi-impact-analysis-tools/model-frameworks    
| ✓ | ⏱: 56.78s 
[FETCH]... ↓ 
https://www.unepfi.org/impact/unep-fi-impact-analysis-tools/portfolio-tool      
| ✓ | ⏱: 49.96s 
[SCRAPE].. ◆ 
https://www.unepfi.org/impact/unep-fi-impact-analysis-tools/portfolio-tool      
| ✓ | ⏱: 1.33s 
[COMPLETE] ● 
https://www.unepfi.org/impact/unep-fi-impact-analysis-tools/portfolio-tool      
| ✓ | ⏱: 51.49s 
[FETCH]... ↓ 
https://www.unepfi.org/impact/unep-fi-impact-analysis-tools/real-estate-impact-a
nalysis-tool         | ✓ | ⏱: 52.38s 
[SCRAPE].. ◆ 
https://www.unepfi.org/impact/unep-fi-impact-analysis-tools/real-estate-impact-a
nalysis-tool         | ✓ | ⏱: 0.23s 
[COMPLETE] ● 
https://www.unepfi.org/impact/unep-fi-impact-analysis-tools/real-estate-impact-a
nalysis-tool         | ✓ | ⏱: 52.61s 
[FETCH]... ↓ 
https://www.unepfi.org/industries/aligning-climate-policy-engagement-with-net-ze
ro-commitments       | ✓ | ⏱: 52.42s 
[SCRAPE].. ◆ 
https://www.unepfi.org/industries/aligning-climate-policy-engagement-with-net-ze
ro-commitments       | ✓ | ⏱: 0.83s 
[COMPLETE] ● 
https://www.unepfi.org/industries/aligning-climate-policy-engagement-with-net-ze
ro-commitments       | ✓ | ⏱: 53.28s 
[FETCH]... ↓ 
https://www.unepfi.org/industries/banking/2025-i...building-resilience-and-advan
cing-the-transition  | ✓ | ⏱: 53.33s 
[SCRAPE].. ◆ 
https://www.unepfi.org/industries/banking/2025-i...building-resilience-and-advan
cing-the-transition  | ✓ | ⏱: 0.20s 
[COMPLETE] ● 
https://www.unepfi.org/industries/banking/2025-i...building-resilience-and-advan
cing-the-transition  | ✓ | ⏱: 53.61s 
[FETCH]... ↓ 
https://www.unepfi.org/industries/banking/banking-for-decent-work-a-pathway-to-i
mpact                | ✓ | ⏱: 53.66s 
[SCRAPE].. ◆ 
https://www.unepfi.org/industries/banking/banking-for-decent-work-a-pathway-to-i
mpact                | ✓ | ⏱: 0.34s 
[COMPLETE] ● 
https://www.unepfi.org/industries/banking/banking-for-decent-work-a-pathway-to-i
mpact                | ✓ | ⏱: 54.02s 
[FETCH]... ↓ 
https://www.unepfi.org/industries/banking/banking-on-green-buildings            
| ✓ | ⏱: 54.06s 
[SCRAPE].. ◆ 
https://www.unepfi.org/industries/banking/banking-on-green-buildings            
| ✓ | ⏱: 0.11s 
[COMPLETE] ● 
https://www.unepfi.org/industries/banking/banking-on-green-buildings            
| ✓ | ⏱: 54.17s 
[FETCH]... ↓ https://www.unepfi.org/industries/banking/2024-in-review           
| ✓ | ⏱: 54.10s 
[SCRAPE].. ◆ https://www.unepfi.org/industries/banking/2024-in-review           
| ✓ | ⏱: 0.12s 
[COMPLETE] ● https://www.unepfi.org/industries/banking/2024-in-review           
| ✓ | ⏱: 54.24s 
[FETCH]... ↓ 
https://www.unepfi.org/industries/banking/a-jour...al-system-luxembourg-sustaina
ble-finance-roadmap  | ✓ | ⏱: 54.24s 
[SCRAPE].. ◆ 
https://www.unepfi.org/industries/banking/a-jour...al-system-luxembourg-sustaina
ble-finance-roadmap  | ✓ | ⏱: 0.11s 
[COMPLETE] ● 
https://www.unepfi.org/industries/banking/a-jour...al-system-luxembourg-sustaina
ble-finance-roadmap  | ✓ | ⏱: 54.35s 
[FETCH]... ↓ https://www.unepfi.org/industries/banking/banking-on-nature        
| ✓ | ⏱: 54.42s 
[SCRAPE].. ◆ https://www.unepfi.org/industries/banking/banking-on-nature        
| ✓ | ⏱: 0.18s 
[COMPLETE] ● https://www.unepfi.org/industries/banking/banking-on-nature        
| ✓ | ⏱: 54.61s 
[FETCH]... ↓ 
https://www.unepfi.org/industries/banking/banks-and-human-rights-a-legal-analysi
s-2                  | ✓ | ⏱: 41.07s 
[SCRAPE].. ◆ 
https://www.unepfi.org/industries/banking/banks-and-human-rights-a-legal-analysi
s-2                  | ✓ | ⏱: 0.11s 
[COMPLETE] ● 
https://www.unepfi.org/industries/banking/banks-and-human-rights-a-legal-analysi
s-2                  | ✓ | ⏱: 41.19s 
[FETCH]... ↓ https://www.unepfi.org/industries/banking/annual-overview-2021     
| ✓ | ⏱: 54.72s 
[SCRAPE].. ◆ https://www.unepfi.org/industries/banking/annual-overview-2021     
| ✓ | ⏱: 0.11s 
[COMPLETE] ● https://www.unepfi.org/industries/banking/annual-overview-2021     
| ✓ | ⏱: 54.83s 
[FETCH]... ↓ 
https://www.unepfi.org/industries/banking/china-embarks-on-a-journey-of-esg-disc
losure               | ✓ | ⏱: 40.16s 
[SCRAPE].. ◆ 
https://www.unepfi.org/industries/banking/china-embarks-on-a-journey-of-esg-disc
losure               | ✓ | ⏱: 0.31s 
[COMPLETE] ● 
https://www.unepfi.org/industries/banking/china-embarks-on-a-journey-of-esg-disc
losure               | ✓ | ⏱: 40.48s 
[FETCH]... ↓ 
https://www.unepfi.org/industries/banking/circular-solutions-buildings-and-const
ruction              | ✓ | ⏱: 16.03s 
[SCRAPE].. ◆ 
https://www.unepfi.org/industries/banking/circular-solutions-buildings-and-const
ruction              | ✓ | ⏱: 0.15s 
[COMPLETE] ● 
https://www.unepfi.org/industries/banking/circular-solutions-buildings-and-const
ruction              | ✓ | ⏱: 16.19s 
[FETCH]... ↓ 
https://www.unepfi.org/industries/banking/circular-economy-enabling-responsible-
banking              | ✓ | ⏱: 36.06s 
[SCRAPE].. ◆ 
https://www.unepfi.org/industries/banking/circular-economy-enabling-responsible-
banking              | ✓ | ⏱: 0.11s 
[COMPLETE] ● 
https://www.unepfi.org/industries/banking/circular-economy-enabling-responsible-
banking              | ✓ | ⏱: 36.18s 
[FETCH]... ↓ 
https://www.unepfi.org/industries/banking/climate-target-setting-for-real-estate
-sector-financing    | ✓ | ⏱: 25.23s 
[SCRAPE].. ◆ 
https://www.unepfi.org/industries/banking/climate-target-setting-for-real-estate
-sector-financing    | ✓ | ⏱: 0.52s 
[COMPLETE] ● 
https://www.unepfi.org/industries/banking/climate-target-setting-for-real-estate
-sector-financing    | ✓ | ⏱: 25.95s 
[FETCH]... ↓ 
https://www.unepfi.org/industries/banking/climat...lanning-for-banks-in-the-food
-agriculture-sector  | ✓ | ⏱: 26.10s 
[SCRAPE].. ◆ 
https://www.unepfi.org/industries/banking/climat...lanning-for-banks-in-the-food
-agriculture-sector  | ✓ | ⏱: 0.10s 
[COMPLETE] ● 
https://www.unepfi.org/industries/banking/climat...lanning-for-banks-in-the-food
-agriculture-sector  | ✓ | ⏱: 26.21s 
[FETCH]... ↓ 
https://www.unepfi.org/industries/banking/cop30-responsible-banking-outlook-from
-belem               | ✓ | ⏱: 26.36s 
[SCRAPE].. ◆ 
https://www.unepfi.org/industries/banking/cop30-responsible-banking-outlook-from
-belem               | ✓ | ⏱: 0.31s 
[COMPLETE] ● 
https://www.unepfi.org/industries/banking/cop30-responsible-banking-outlook-from
-belem               | ✓ | ⏱: 26.71s 
[FETCH]... ↓ 
https://www.unepfi.org/industries/banking/circular-solutions-to-achieve-climate-
targets              | ✓ | ⏱: 28.23s 
[SCRAPE].. ◆ 
https://www.unepfi.org/industries/banking/circular-solutions-to-achieve-climate-
targets              | ✓ | ⏱: 0.74s 
[COMPLETE] ● 
https://www.unepfi.org/industries/banking/circular-solutions-to-achieve-climate-
targets              | ✓ | ⏱: 29.04s 
[FETCH]... ↓ 
https://www.unepfi.org/industries/banking/eu-taxonomy-testing-core-banking-produ
cts                  | ✓ | ⏱: 27.74s 
[SCRAPE].. ◆ 
https://www.unepfi.org/industries/banking/eu-taxonomy-testing-core-banking-produ
cts                  | ✓ | ⏱: 0.23s 
[COMPLETE] ● 
https://www.unepfi.org/industries/banking/eu-taxonomy-testing-core-banking-produ
cts                  | ✓ | ⏱: 27.99s 
[FETCH]... ↓ https://www.unepfi.org/industries/banking/gender-equality-guidance 
| ✓ | ⏱: 24.13s 
[SCRAPE].. ◆ https://www.unepfi.org/industries/banking/gender-equality-guidance 
| ✓ | ⏱: 0.32s 
[COMPLETE] ● https://www.unepfi.org/industries/banking/gender-equality-guidance 
| ✓ | ⏱: 24.45s 
[FETCH]... ↓ 
https://www.unepfi.org/industries/banking/just-transition-finance-pathways-for-b
anking-and-insurance | ✓ | ⏱: 21.35s 
[SCRAPE].. ◆ 
https://www.unepfi.org/industries/banking/just-transition-finance-pathways-for-b
anking-and-insurance | ✓ | ⏱: 3.55s 
[COMPLETE] ● 
https://www.unepfi.org/industries/banking/just-transition-finance-pathways-for-b
anking-and-insurance | ✓ | ⏱: 26.28s 
[FETCH]... ↓ 
https://www.unepfi.org/industries/banking/new-fi...international-agreement-to-en
d-plastic-pollution  | ✓ | ⏱: 27.26s 
[SCRAPE].. ◆ 
https://www.unepfi.org/industries/banking/new-fi...international-agreement-to-en
d-plastic-pollution  | ✓ | ⏱: 0.51s 
[COMPLETE] ● 
https://www.unepfi.org/industries/banking/new-fi...international-agreement-to-en
d-plastic-pollution  | ✓ | ⏱: 27.93s 
[FETCH]... ↓ 
https://www.unepfi.org/industries/banking/guidance-on-responsible-policy-engagem
ent                  | ✓ | ⏱: 27.07s 
[SCRAPE].. ◆ 
https://www.unepfi.org/industries/banking/guidance-on-responsible-policy-engagem
ent                  | ✓ | ⏱: 0.39s 
[COMPLETE] ● 
https://www.unepfi.org/industries/banking/guidance-on-responsible-policy-engagem
ent                  | ✓ | ⏱: 27.48s 
[FETCH]... ↓ https://www.unepfi.org/industries/banking/navigating-nature-policy 
| ✓ | ⏱: 27.51s 
[SCRAPE].. ◆ https://www.unepfi.org/industries/banking/navigating-nature-policy 
| ✓ | ⏱: 0.10s 
[COMPLETE] ● https://www.unepfi.org/industries/banking/navigating-nature-policy 
| ✓ | ⏱: 27.62s 
[FETCH]... ↓ 
https://www.unepfi.org/industries/banking/client-engagement-on-nature-prototype-
tool                 | ✓ | ⏱: 34.96s 
[SCRAPE].. ◆ 
https://www.unepfi.org/industries/banking/client-engagement-on-nature-prototype-
tool                 | ✓ | ⏱: 0.33s 
[COMPLETE] ● 
https://www.unepfi.org/industries/banking/client-engagement-on-nature-prototype-
tool                 | ✓ | ⏱: 35.33s 
[FETCH]... ↓ 
https://www.unepfi.org/industries/banking/commit...to-financial-health-and-inclu
sion-summary-report  | ✓ | ⏱: 35.45s 
[SCRAPE].. ◆ 
https://www.unepfi.org/industries/banking/commit...to-financial-health-and-inclu
sion-summary-report  | ✓ | ⏱: 0.23s 
[COMPLETE] ● 
https://www.unepfi.org/industries/banking/commit...to-financial-health-and-inclu
sion-summary-report  | ✓ | ⏱: 35.70s 
[FETCH]... ↓ 
https://www.unepfi.org/industries/banking/financial-health-inclusion-guidance   
| ✓ | ⏱: 35.60s 
[SCRAPE].. ◆ 
https://www.unepfi.org/industries/banking/financial-health-inclusion-guidance   
| ✓ | ⏱: 0.20s 
[COMPLETE] ● 
https://www.unepfi.org/industries/banking/financial-health-inclusion-guidance   
| ✓ | ⏱: 35.87s 
[FETCH]... ↓ 
https://www.unepfi.org/industries/banking/nature-impact-target-setting          
| ✓ | ⏱: 29.19s 
[SCRAPE].. ◆ 
https://www.unepfi.org/industries/banking/nature-impact-target-setting          
| ✓ | ⏱: 0.47s 
[COMPLETE] ● 
https://www.unepfi.org/industries/banking/nature-impact-target-setting          
| ✓ | ⏱: 29.67s 
[FETCH]... ↓ 
https://www.unepfi.org/industries/banking/navigating-pollution-a-blueprint-for-t
he-banking-sector    | ✓ | ⏱: 30.64s 
[SCRAPE].. ◆ 
https://www.unepfi.org/industries/banking/navigating-pollution-a-blueprint-for-t
he-banking-sector    | ✓ | ⏱: 0.22s 
[COMPLETE] ● 
https://www.unepfi.org/industries/banking/navigating-pollution-a-blueprint-for-t
he-banking-sector    | ✓ | ⏱: 30.88s 
[FETCH]... ↓ 
https://www.unepfi.org/industries/banking/practi...ches-to-applying-the-eu-taxon
omy-to-bank-lending  | ✓ | ⏱: 31.04s 
[SCRAPE].. ◆ 
https://www.unepfi.org/industries/banking/practi...ches-to-applying-the-eu-taxon
omy-to-bank-lending  | ✓ | ⏱: 0.12s 
[COMPLETE] ● 
https://www.unepfi.org/industries/banking/practi...ches-to-applying-the-eu-taxon
omy-to-bank-lending  | ✓ | ⏱: 31.18s 
[FETCH]... ↓ 
https://www.unepfi.org/industries/banking/key-ta...from-the-unep-fi-leadership-c
ouncil-meeting-2022  | ✓ | ⏱: 30.14s 
[SCRAPE].. ◆ 
https://www.unepfi.org/industries/banking/key-ta...from-the-unep-fi-leadership-c
ouncil-meeting-2022  | ✓ | ⏱: 0.29s 
[COMPLETE] ● 
https://www.unepfi.org/industries/banking/key-ta...from-the-unep-fi-leadership-c
ouncil-meeting-2022  | ✓ | ⏱: 30.57s 
[FETCH]... ↓ 
https://www.unepfi.org/industries/banking/nature-target-setting-guidance        
| ✓ | ⏱: 30.63s 
[SCRAPE].. ◆ 
https://www.unepfi.org/industries/banking/nature-target-setting-guidance        
| ✓ | ⏱: 0.95s 
[COMPLETE] ● 
https://www.unepfi.org/industries/banking/nature-target-setting-guidance        
| ✓ | ⏱: 31.61s 
[FETCH]... ↓ 
https://www.unepfi.org/industries/banking/guidance-on-biodiversity-target-settin
g                    | ✓ | ⏱: 31.86s 
[SCRAPE].. ◆ 
https://www.unepfi.org/industries/banking/guidance-on-biodiversity-target-settin
g                    | ✓ | ⏱: 0.40s 
[COMPLETE] ● 
https://www.unepfi.org/industries/banking/guidance-on-biodiversity-target-settin
g                    | ✓ | ⏱: 32.28s 
[FETCH]... ↓ 
https://www.unepfi.org/industries/banking/guidan...cy-and-circular-economy-targe
t-setting-version-2  | ✓ | ⏱: 32.36s 
[SCRAPE].. ◆ 
https://www.unepfi.org/industries/banking/guidan...cy-and-circular-economy-targe
t-setting-version-2  | ✓ | ⏱: 0.40s 
[COMPLETE] ● 
https://www.unepfi.org/industries/banking/guidan...cy-and-circular-economy-targe
t-setting-version-2  | ✓ | ⏱: 32.76s 
[FETCH]... ↓ 
https://www.unepfi.org/industries/banking/prb-pr...ability-can-deliver-financial
-advantage-to-banks  | ✓ | ⏱: 12.99s 
[SCRAPE].. ◆ 
https://www.unepfi.org/industries/banking/prb-pr...ability-can-deliver-financial
-advantage-to-banks  | ✓ | ⏱: 0.75s 
[COMPLETE] ● 
https://www.unepfi.org/industries/banking/prb-pr...ability-can-deliver-financial
-advantage-to-banks  | ✓ | ⏱: 13.81s 
[FETCH]... ↓ 
https://www.unepfi.org/industries/banking/principles-for-positive-impact-       
| ✓ | ⏱: 13.71s 
[SCRAPE].. ◆ 
https://www.unepfi.org/industries/banking/principles-for-positive-impact-       
| ✓ | ⏱: 0.79s 
[COMPLETE] ● 
https://www.unepfi.org/industries/banking/principles-for-positive-impact-       
| ✓ | ⏱: 14.64s 
[FETCH]... ↓ 
https://www.unepfi.org/industries/elevating-asset-manager-net-zero-engagement-st
rategies             | ✓ | ⏱: 16.35s 
[SCRAPE].. ◆ 
https://www.unepfi.org/industries/elevating-asset-manager-net-zero-engagement-st
rategies             | ✓ | ⏱: 0.33s 
[COMPLETE] ● 
https://www.unepfi.org/industries/elevating-asset-manager-net-zero-engagement-st
rategies             | ✓ | ⏱: 16.72s 
[FETCH]... ↓ 
https://www.unepfi.org/industries/banking/transition-planning-emerging-practices
-for-banks           | ✓ | ⏱: 16.05s 
[SCRAPE].. ◆ 
https://www.unepfi.org/industries/banking/transition-planning-emerging-practices
-for-banks           | ✓ | ⏱: 0.08s 
[COMPLETE] ● 
https://www.unepfi.org/industries/banking/transition-planning-emerging-practices
-for-banks           | ✓ | ⏱: 16.14s 
[FETCH]... ↓ 
https://www.unepfi.org/industries/banking/unep-f...s-observer-in-eu-platform-on-
sustainable-finance  | ✓ | ⏱: 16.88s 
[SCRAPE].. ◆ 
https://www.unepfi.org/industries/banking/unep-f...s-observer-in-eu-platform-on-
sustainable-finance  | ✓ | ⏱: 0.39s 
[COMPLETE] ● 
https://www.unepfi.org/industries/banking/unep-f...s-observer-in-eu-platform-on-
sustainable-finance  | ✓ | ⏱: 17.67s 
[FETCH]... ↓ 
https://www.unepfi.org/industries/call-to-action...to-respond-with-urgency-on-sy
stemic-climate-risk  | ✓ | ⏱: 18.90s 
[SCRAPE].. ◆ 
https://www.unepfi.org/industries/call-to-action...to-respond-with-urgency-on-sy
stemic-climate-risk  | ✓ | ⏱: 1.36s 
[COMPLETE] ● 
https://www.unepfi.org/industries/call-to-action...to-respond-with-urgency-on-sy
stemic-climate-risk  | ✓ | ⏱: 21.72s 
[FETCH]... ↓ 
https://www.unepfi.org/industries/banking/sector-action-guidance-for-nature     
| ✓ | ⏱: 21.59s 
[SCRAPE].. ◆ 
https://www.unepfi.org/industries/banking/sector-action-guidance-for-nature     
| ✓ | ⏱: 1.09s 
[COMPLETE] ● 
https://www.unepfi.org/industries/banking/sector-action-guidance-for-nature     
| ✓ | ⏱: 22.86s 
[FETCH]... ↓ 
https://www.unepfi.org/industries/guidelines-and-recommendations-for-halting-def
orestation           | ✓ | ⏱: 25.86s 
[SCRAPE].. ◆ 
https://www.unepfi.org/industries/guidelines-and-recommendations-for-halting-def
orestation           | ✓ | ⏱: 2.57s 
[COMPLETE] ● 
https://www.unepfi.org/industries/guidelines-and-recommendations-for-halting-def
orestation           | ✓ | ⏱: 28.87s 
[FETCH]... ↓ 
https://www.unepfi.org/industries/insurance/arti...nleasing-innovation-and-intel
ligent-partnerships  | ✓ | ⏱: 29.52s 
[SCRAPE].. ◆ 
https://www.unepfi.org/industries/insurance/arti...nleasing-innovation-and-intel
ligent-partnerships  | ✓ | ⏱: 0.66s 
[COMPLETE] ● 
https://www.unepfi.org/industries/insurance/arti...nleasing-innovation-and-intel
ligent-partnerships  | ✓ | ⏱: 30.35s 
[FETCH]... ↓ 
https://www.unepfi.org/industries/banking/unep-fi-annual-overview-2024          
| ✓ | ⏱: 30.84s 
[SCRAPE].. ◆ 
https://www.unepfi.org/industries/banking/unep-fi-annual-overview-2024          
| ✓ | ⏱: 0.76s 
[COMPLETE] ● 
https://www.unepfi.org/industries/banking/unep-fi-annual-overview-2024          
| ✓ | ⏱: 31.91s 
[FETCH]... ↓ 
https://www.unepfi.org/industries/banking/supporting-policy-engagement-power-gen
eration              | ✓ | ⏱: 31.61s 
[SCRAPE].. ◆ 
https://www.unepfi.org/industries/banking/supporting-policy-engagement-power-gen
eration              | ✓ | ⏱: 0.59s 
[COMPLETE] ● 
https://www.unepfi.org/industries/banking/supporting-policy-engagement-power-gen
eration              | ✓ | ⏱: 32.40s 
[FETCH]... ↓ 
https://www.unepfi.org/industries/insurance/brea...cal-with-nature-related-asses
sments-for-insurers  | ✓ | ⏱: 33.06s 
[SCRAPE].. ◆ 
https://www.unepfi.org/industries/insurance/brea...cal-with-nature-related-asses
sments-for-insurers  | ✓ | ⏱: 0.16s 
[COMPLETE] ● 
https://www.unepfi.org/industries/insurance/brea...cal-with-nature-related-asses
sments-for-insurers  | ✓ | ⏱: 33.23s 
[FETCH]... ↓ 
https://www.unepfi.org/industries/insurance/2013-global-insurance-industry-state
ment                 | ✓ | ⏱: 33.33s 
[SCRAPE].. ◆ 
https://www.unepfi.org/industries/insurance/2013-global-insurance-industry-state
ment                 | ✓ | ⏱: 0.19s 
[COMPLETE] ● 
https://www.unepfi.org/industries/insurance/2013-global-insurance-industry-state
ment                 | ✓ | ⏱: 33.54s 
[FETCH]... ↓ 
https://www.unepfi.org/industries/insurance/a-to...investment-portfolios-of-insu
rers-and-reinsurers  | ✓ | ⏱: 33.65s 
[SCRAPE].. ◆ 
https://www.unepfi.org/industries/insurance/a-to...investment-portfolios-of-insu
rers-and-reinsurers  | ✓ | ⏱: 1.26s 
[COMPLETE] ● 
https://www.unepfi.org/industries/insurance/a-to...investment-portfolios-of-insu
rers-and-reinsurers  | ✓ | ⏱: 35.24s 
[FETCH]... ↓ 
https://www.unepfi.org/industries/call-to-action-to-private-market-asset-manager
s                    | ✓ | ⏱: 36.12s 
[SCRAPE].. ◆ 
https://www.unepfi.org/industries/call-to-action-to-private-market-asset-manager
s                    | ✓ | ⏱: 1.15s 
[COMPLETE] ● 
https://www.unepfi.org/industries/call-to-action-to-private-market-asset-manager
s                    | ✓ | ⏱: 37.49s 
[FETCH]... ↓ 
https://www.unepfi.org/industries/development-an...l-to-action-for-asset-owners-
and-index-providers  | ✓ | ⏱: 37.79s 
[SCRAPE].. ◆ 
https://www.unepfi.org/industries/development-an...l-to-action-for-asset-owners-
and-index-providers  | ✓ | ⏱: 1.77s 
[COMPLETE] ● 
https://www.unepfi.org/industries/development-an...l-to-action-for-asset-owners-
and-index-providers  | ✓ | ⏱: 40.06s 
[FETCH]... ↓ 
https://www.unepfi.org/industries/banking/unep-fi-review-2022-and-2023          
| ✓ | ⏱: 41.17s 
[SCRAPE].. ◆ 
https://www.unepfi.org/industries/banking/unep-fi-review-2022-and-2023          
| ✓ | ⏱: 0.60s 
[COMPLETE] ● 
https://www.unepfi.org/industries/banking/unep-fi-review-2022-and-2023          
| ✓ | ⏱: 41.85s 
[FETCH]... ↓ 
https://www.unepfi.org/industries/banking/supporting-policy-engagement-for-banks
-real-estate         | ✓ | ⏱: 41.16s 
[SCRAPE].. ◆ 
https://www.unepfi.org/industries/banking/supporting-policy-engagement-for-banks
-real-estate         | ✓ | ⏱: 0.30s 
[COMPLETE] ● 
https://www.unepfi.org/industries/banking/supporting-policy-engagement-for-banks
-real-estate         | ✓ | ⏱: 41.54s 
[FETCH]... ↓ 
https://www.unepfi.org/industries/banking/the-tr...ity-the-smart-economics-of-th
e-energy-transition  | ✓ | ⏱: 42.28s 
[SCRAPE].. ◆ 
https://www.unepfi.org/industries/banking/the-tr...ity-the-smart-economics-of-th
e-energy-transition  | ✓ | ⏱: 1.71s 
[COMPLETE] ● 
https://www.unepfi.org/industries/banking/the-tr...ity-the-smart-economics-of-th
e-energy-transition  | ✓ | ⏱: 44.83s 
[FETCH]... ↓ 
https://www.unepfi.org/industries/banking/responsible-banking-blueprint         
| ✓ | ⏱: 45.31s 
[SCRAPE].. ◆ 
https://www.unepfi.org/industries/banking/responsible-banking-blueprint         
| ✓ | ⏱: 0.73s 
[COMPLETE] ● 
https://www.unepfi.org/industries/banking/responsible-banking-blueprint         
| ✓ | ⏱: 46.16s 
[FETCH]... ↓ 
https://www.unepfi.org/industries/insurance/glob...apting-to-climate-change-in-d
eveloping-countries  | ✓ | ⏱: 28.87s 
[SCRAPE].. ◆ 
https://www.unepfi.org/industries/insurance/glob...apting-to-climate-change-in-d
eveloping-countries  | ✓ | ⏱: 0.49s 
[COMPLETE] ● 
https://www.unepfi.org/industries/insurance/glob...apting-to-climate-change-in-d
eveloping-countries  | ✓ | ⏱: 30.00s 
[FETCH]... ↓ 
https://www.unepfi.org/industries/insurance/clos...-the-canadian-life-and-health
-insurance-industry  | ✓ | ⏱: 33.29s 
[SCRAPE].. ◆ 
https://www.unepfi.org/industries/insurance/clos...-the-canadian-life-and-health
-insurance-industry  | ✓ | ⏱: 0.22s 
[COMPLETE] ● 
https://www.unepfi.org/industries/insurance/clos...-the-canadian-life-and-health
-insurance-industry  | ✓ | ⏱: 33.57s 
[FETCH]... ↓ 
https://www.unepfi.org/industries/insurance/conc...ive-exploring-insurance-solut
ions-for-permanence  | ✓ | ⏱: 32.28s 
[SCRAPE].. ◆ 
https://www.unepfi.org/industries/insurance/conc...ive-exploring-insurance-solut
ions-for-permanence  | ✓ | ⏱: 0.64s 
[COMPLETE] ● 
https://www.unepfi.org/industries/insurance/conc...ive-exploring-insurance-solut
ions-for-permanence  | ✓ | ⏱: 33.45s 
[FETCH]... ↓ 
https://www.unepfi.org/industries/insurance/harn...e-insurance-industry-in-disas
ter-risk-management  | ✓ | ⏱: 33.60s 
[SCRAPE].. ◆ 
https://www.unepfi.org/industries/insurance/harn...e-insurance-industry-in-disas
ter-risk-management  | ✓ | ⏱: 1.86s 
[COMPLETE] ● 
https://www.unepfi.org/industries/insurance/harn...e-insurance-industry-in-disas
ter-risk-management  | ✓ | ⏱: 36.07s 
[FETCH]... ↓ 
https://www.unepfi.org/industries/insurance/busi...te-is-changing-the-rules-for-
our-cities-and-smes  | ✓ | ⏱: 47.56s 
[SCRAPE].. ◆ 
https://www.unepfi.org/industries/insurance/busi...te-is-changing-the-rules-for-
our-cities-and-smes  | ✓ | ⏱: 1.02s 
[COMPLETE] ● 
https://www.unepfi.org/industries/insurance/busi...te-is-changing-the-rules-for-
our-cities-and-smes  | ✓ | ⏱: 48.69s 
[FETCH]... ↓ 
https://www.unepfi.org/industries/insurance/insuring-the-climate-transition     
| ✓ | ⏱: 24.86s 
[SCRAPE].. ◆ 
https://www.unepfi.org/industries/insurance/insuring-the-climate-transition     
| ✓ | ⏱: 0.37s 
[COMPLETE] ● 
https://www.unepfi.org/industries/insurance/insuring-the-climate-transition     
| ✓ | ⏱: 25.25s 
[FETCH]... ↓ 
https://www.unepfi.org/industries/insurance/insuring-climate-resilience-2       
| ✓ | ⏱: 30.19s 
[SCRAPE].. ◆ 
https://www.unepfi.org/industries/insurance/insuring-climate-resilience-2       
| ✓ | ⏱: 0.23s 
[COMPLETE] ● 
https://www.unepfi.org/industries/insurance/insuring-climate-resilience-2       
| ✓ | ⏱: 30.43s 
[FETCH]... ↓ 
https://www.unepfi.org/industries/insurance/insu...l-lessons-from-the-southern-c
ape-of-south-africa  | ✓ | ⏱: 36.15s 
[SCRAPE].. ◆ 
https://www.unepfi.org/industries/insurance/insu...l-lessons-from-the-southern-c
ape-of-south-africa  | ✓ | ⏱: 0.20s 
[COMPLETE] ● 
https://www.unepfi.org/industries/insurance/insu...l-lessons-from-the-southern-c
ape-of-south-africa  | ✓ | ⏱: 36.37s 
[FETCH]... ↓ 
https://www.unepfi.org/industries/insurance/heal...r-health-outcomes-and-address
-the-protection-gap  | ✓ | ⏱: 39.71s 
[SCRAPE].. ◆ 
https://www.unepfi.org/industries/insurance/heal...r-health-outcomes-and-address
-the-protection-gap  | ✓ | ⏱: 0.20s 
[COMPLETE] ● 
https://www.unepfi.org/industries/insurance/heal...r-health-outcomes-and-address
-the-protection-gap  | ✓ | ⏱: 39.93s 
[FETCH]... ↓ 
https://www.unepfi.org/industries/insurance/insu...tainability-why-and-how-the-l
eaders-are-doing-it  | ✓ | ⏱: 26.10s 
[SCRAPE].. ◆ 
https://www.unepfi.org/industries/insurance/insu...tainability-why-and-how-the-l
eaders-are-doing-it  | ✓ | ⏱: 0.10s 
[COMPLETE] ● 
https://www.unepfi.org/industries/insurance/insu...tainability-why-and-how-the-l
eaders-are-doing-it  | ✓ | ⏱: 26.20s 
[FETCH]... ↓ 
https://www.unepfi.org/industries/insurance/making-changes-a-learning-journey   
| ✓ | ⏱: 26.41s 
[SCRAPE].. ◆ 
https://www.unepfi.org/industries/insurance/making-changes-a-learning-journey   
| ✓ | ⏱: 0.21s 
[COMPLETE] ● 
https://www.unepfi.org/industries/insurance/making-changes-a-learning-journey   
| ✓ | ⏱: 26.66s 
[FETCH]... ↓ 
https://www.unepfi.org/industries/insurance/insu...-zero-transition-evolving-thi
nking-and-practices  | ✓ | ⏱: 26.74s 
[SCRAPE].. ◆ 
https://www.unepfi.org/industries/insurance/insu...-zero-transition-evolving-thi
nking-and-practices  | ✓ | ⏱: 0.55s 
[COMPLETE] ● 
https://www.unepfi.org/industries/insurance/insu...-zero-transition-evolving-thi
nking-and-practices  | ✓ | ⏱: 27.33s 
[FETCH]... ↓ 
https://www.unepfi.org/industries/insurance/insuring-the-climate-transition-in-b
razil                | ✓ | ⏱: 27.32s 
[SCRAPE].. ◆ 
https://www.unepfi.org/industries/insurance/insuring-the-climate-transition-in-b
razil                | ✓ | ⏱: 0.28s 
[COMPLETE] ● 
https://www.unepfi.org/industries/insurance/insuring-the-climate-transition-in-b
razil                | ✓ | ⏱: 27.67s 
[FETCH]... ↓ 
https://www.unepfi.org/industries/insurance/insu...-insurers-on-setting-priority
-actions-for-nature  | ✓ | ⏱: 35.91s 
[SCRAPE].. ◆ 
https://www.unepfi.org/industries/insurance/insu...-insurers-on-setting-priority
-actions-for-nature  | ✓ | ⏱: 0.29s 
[COMPLETE] ● 
https://www.unepfi.org/industries/insurance/insu...-insurers-on-setting-priority
-actions-for-nature  | ✓ | ⏱: 36.22s 
[FETCH]... ↓ 
https://www.unepfi.org/industries/insurance/mana...-governance-risks-in-non-life
-insurance-business  | ✓ | ⏱: 26.05s 
[SCRAPE].. ◆ 
https://www.unepfi.org/industries/insurance/mana...-governance-risks-in-non-life
-insurance-business  | ✓ | ⏱: 0.28s 
[COMPLETE] ● 
https://www.unepfi.org/industries/insurance/mana...-governance-risks-in-non-life
-insurance-business  | ✓ | ⏱: 26.48s 
[FETCH]... ↓ 
https://www.unepfi.org/industries/insurance/mana...vernance-risks-in-life-health
-insurance-business  | ✓ | ⏱: 26.20s 
[SCRAPE].. ◆ 
https://www.unepfi.org/industries/insurance/mana...vernance-risks-in-life-health
-insurance-business  | ✓ | ⏱: 0.20s 
[COMPLETE] ● 
https://www.unepfi.org/industries/insurance/mana...vernance-risks-in-life-health
-insurance-business  | ✓ | ⏱: 26.42s 
[FETCH]... ↓ 
https://www.unepfi.org/industries/insurance/new-...on-liability-insurance-for-a-
sustainable-economy  | ✓ | ⏱: 18.67s 
[SCRAPE].. ◆ 
https://www.unepfi.org/industries/insurance/new-...on-liability-insurance-for-a-
sustainable-economy  | ✓ | ⏱: 0.14s 
[COMPLETE] ● 
https://www.unepfi.org/industries/insurance/new-...on-liability-insurance-for-a-
sustainable-economy  | ✓ | ⏱: 18.81s 
[FETCH]... ↓ 
https://www.unepfi.org/industries/insurance/natu...sitive-insurance-evolving-thi
nking-and-practices  | ✓ | ⏱: 22.27s 
[SCRAPE].. ◆ 
https://www.unepfi.org/industries/insurance/natu...sitive-insurance-evolving-thi
nking-and-practices  | ✓ | ⏱: 0.09s 
[COMPLETE] ● 
https://www.unepfi.org/industries/insurance/natu...sitive-insurance-evolving-thi
nking-and-practices  | ✓ | ⏱: 22.37s 
[FETCH]... ↓ 
https://www.unepfi.org/industries/insurance/psi-tcfd-pilot-progress-update      
| ✓ | ⏱: 18.94s 
[SCRAPE].. ◆ 
https://www.unepfi.org/industries/insurance/psi-tcfd-pilot-progress-update      
| ✓ | ⏱: 0.10s 
[COMPLETE] ● 
https://www.unepfi.org/industries/insurance/psi-tcfd-pilot-progress-update      
| ✓ | ⏱: 19.05s 
[FETCH]... ↓ 
https://www.unepfi.org/industries/insurance/nzia-target-setting-protocol-version
-1-0                 | ✓ | ⏱: 19.13s 
[SCRAPE].. ◆ 
https://www.unepfi.org/industries/insurance/nzia-target-setting-protocol-version
-1-0                 | ✓ | ⏱: 0.05s 
[COMPLETE] ● 
https://www.unepfi.org/industries/insurance/nzia-target-setting-protocol-version
-1-0                 | ✓ | ⏱: 19.19s 
[FETCH]... ↓ 
https://www.unepfi.org/industries/insurance/psi-...ed-assessments-for-the-global
-insurance-industry  | ✓ | ⏱: 7.68s 
[SCRAPE].. ◆ 
https://www.unepfi.org/industries/insurance/psi-...ed-assessments-for-the-global
-insurance-industry  | ✓ | ⏱: 0.62s 
[COMPLETE] ● 
https://www.unepfi.org/industries/insurance/psi-...ed-assessments-for-the-global
-insurance-industry  | ✓ | ⏱: 8.31s 
[FETCH]... ↓ 
https://www.unepfi.org/industries/insurance/psi-...d-report-in-nature-uncovered-
for-insurers-series  | ✓ | ⏱: 6.59s 
[SCRAPE].. ◆ 
https://www.unepfi.org/industries/insurance/psi-...d-report-in-nature-uncovered-
for-insurers-series  | ✓ | ⏱: 0.10s 
[COMPLETE] ● 
https://www.unepfi.org/industries/insurance/psi-...d-report-in-nature-uncovered-
for-insurers-series  | ✓ | ⏱: 6.69s 
[FETCH]... ↓ 
https://www.unepfi.org/industries/insurance/root...-framing-nature-related-asses
sments-for-insurers  | ✓ | ⏱: 9.90s 
[SCRAPE].. ◆ 
https://www.unepfi.org/industries/insurance/root...-framing-nature-related-asses
sments-for-insurers  | ✓ | ⏱: 0.14s 
[COMPLETE] ● 
https://www.unepfi.org/industries/insurance/root...-framing-nature-related-asses
sments-for-insurers  | ✓ | ⏱: 10.08s 
[FETCH]... ↓ 
https://www.unepfi.org/industries/insurance/risk...ulated-fishing-for-the-marine
-insurance-industry  | ✓ | ⏱: 11.89s 
[SCRAPE].. ◆ 
https://www.unepfi.org/industries/insurance/risk...ulated-fishing-for-the-marine
-insurance-industry  | ✓ | ⏱: 0.30s 
[COMPLETE] ● 
https://www.unepfi.org/industries/insurance/risk...ulated-fishing-for-the-marine
-insurance-industry  | ✓ | ⏱: 12.19s 
[FETCH]... ↓ 
https://www.unepfi.org/industries/investment/policy-engagement-guidelines       
| ✓ | ⏱: 8.89s 
[SCRAPE].. ◆ 
https://www.unepfi.org/industries/investment/policy-engagement-guidelines       
| ✓ | ⏱: 0.05s 
[COMPLETE] ● 
https://www.unepfi.org/industries/investment/policy-engagement-guidelines       
| ✓ | ⏱: 8.95s 
[FETCH]... ↓ 
https://www.unepfi.org/industries/insurance/risk...vironment-and-the-role-of-the
-insurance-industry  | ✓ | ⏱: 10.39s 
[SCRAPE].. ◆ 
https://www.unepfi.org/industries/insurance/risk...vironment-and-the-role-of-the
-insurance-industry  | ✓ | ⏱: 0.12s 
[COMPLETE] ● 
https://www.unepfi.org/industries/insurance/risk...vironment-and-the-role-of-the
-insurance-industry  | ✓ | ⏱: 10.52s 
[FETCH]... ↓ 
https://www.unepfi.org/industries/insurance/unde...nsurance-and-reinsurance-unde
rwriting-portfolios  | ✓ | ⏱: 9.08s 
[SCRAPE].. ◆ 
https://www.unepfi.org/industries/insurance/unde...nsurance-and-reinsurance-unde
rwriting-portfolios  | ✓ | ⏱: 0.06s 
[COMPLETE] ● 
https://www.unepfi.org/industries/insurance/unde...nsurance-and-reinsurance-unde
rwriting-portfolios  | ✓ | ⏱: 9.16s 
[FETCH]... ↓ 
https://www.unepfi.org/industries/insurance/united-for-disaster-resilience      
| ✓ | ⏱: 9.15s 
[SCRAPE].. ◆ 
https://www.unepfi.org/industries/insurance/united-for-disaster-resilience      
| ✓ | ⏱: 0.08s 
[COMPLETE] ● 
https://www.unepfi.org/industries/insurance/united-for-disaster-resilience      
| ✓ | ⏱: 9.24s 
[FETCH]... ↓ 
https://www.unepfi.org/industries/insurance/the-...ing-disaster-resilient-commun
ities-and-economies  | ✓ | ⏱: 9.24s 
[SCRAPE].. ◆ 
https://www.unepfi.org/industries/insurance/the-...ing-disaster-resilient-commun
ities-and-economies  | ✓ | ⏱: 0.25s 
[COMPLETE] ● 
https://www.unepfi.org/industries/insurance/the-...ing-disaster-resilient-commun
ities-and-economies  | ✓ | ⏱: 9.50s 
[FETCH]... ↓ 
https://www.unepfi.org/industries/insurance/the-...ental-social-and-governance-f
actors-in-insurance  | ✓ | ⏱: 9.50s 
[SCRAPE].. ◆ 
https://www.unepfi.org/industries/insurance/the-...ental-social-and-governance-f
actors-in-insurance  | ✓ | ⏱: 0.15s 
[COMPLETE] ● 
https://www.unepfi.org/industries/insurance/the-...ental-social-and-governance-f
actors-in-insurance  | ✓ | ⏱: 9.66s 
[FETCH]... ↓ https://www.unepfi.org/industries/insurance/transition-plan-guide  
| ✓ | ⏱: 9.68s 
[SCRAPE].. ◆ https://www.unepfi.org/industries/insurance/transition-plan-guide  
| ✓ | ⏱: 0.06s 
[COMPLETE] ● https://www.unepfi.org/industries/insurance/transition-plan-guide  
| ✓ | ⏱: 9.75s 
[FETCH]... ↓ 
https://www.unepfi.org/industries/insurance/the-principles-for-sustainable-insur
ance                 | ✓ | ⏱: 10.17s 
[SCRAPE].. ◆ 
https://www.unepfi.org/industries/insurance/the-principles-for-sustainable-insur
ance                 | ✓ | ⏱: 0.05s 
[COMPLETE] ● 
https://www.unepfi.org/industries/insurance/the-principles-for-sustainable-insur
ance                 | ✓ | ⏱: 10.23s 
[FETCH]... ↓ 
https://www.unepfi.org/industries/insurance/un-f...plan-guide-for-insurance-unde
rwriting-portfolios  | ✓ | ⏱: 10.28s 
[SCRAPE].. ◆ 
https://www.unepfi.org/industries/insurance/un-f...plan-guide-for-insurance-unde
rwriting-portfolios  | ✓ | ⏱: 0.06s 
[COMPLETE] ● 
https://www.unepfi.org/industries/insurance/un-f...plan-guide-for-insurance-unde
rwriting-portfolios  | ✓ | ⏱: 10.34s 
[FETCH]... ↓ 
https://www.unepfi.org/industries/investment/a-legal-framework-for-impact-summar
y-report             | ✓ | ⏱: 10.37s 
[SCRAPE].. ◆ 
https://www.unepfi.org/industries/investment/a-legal-framework-for-impact-summar
y-report             | ✓ | ⏱: 0.04s 
[COMPLETE] ● 
https://www.unepfi.org/industries/investment/a-legal-framework-for-impact-summar
y-report             | ✓ | ⏱: 10.42s 
[FETCH]... ↓ 
https://www.unepfi.org/industries/investment/how...the-unlocking-of-1-3-trillion
-in-climate-finance  | ✓ | ⏱: 9.86s 
[SCRAPE].. ◆ 
https://www.unepfi.org/industries/investment/how...the-unlocking-of-1-3-trillion
-in-climate-finance  | ✓ | ⏱: 0.04s 
[COMPLETE] ● 
https://www.unepfi.org/industries/investment/how...the-unlocking-of-1-3-trillion
-in-climate-finance  | ✓ | ⏱: 9.91s 
[FETCH]... ↓ 
https://www.unepfi.org/industries/insurance/sust...e-emerging-agenda-for-supervi
sors-and-regulators  | ✓ | ⏱: 10.24s 
[SCRAPE].. ◆ 
https://www.unepfi.org/industries/insurance/sust...e-emerging-agenda-for-supervi
sors-and-regulators  | ✓ | ⏱: 0.04s 
[COMPLETE] ● 
https://www.unepfi.org/industries/insurance/sust...e-emerging-agenda-for-supervi
sors-and-regulators  | ✓ | ⏱: 10.28s 
[FETCH]... ↓ 
https://www.unepfi.org/industries/investment/scaling-private-capital-mobilizatio
n                    | ✓ | ⏱: 27.33s 
[SCRAPE].. ◆ 
https://www.unepfi.org/industries/investment/scaling-private-capital-mobilizatio
n                    | ✓ | ⏱: 1.72s 
[COMPLETE] ● 
https://www.unepfi.org/industries/investment/scaling-private-capital-mobilizatio
n                    | ✓ | ⏱: 29.66s 
[FETCH]... ↓ 
https://www.unepfi.org/industries/the-second-pro...ce-advancing-delivery-on-deca
rbonisation-targets  | ✓ | ⏱: 28.81s 
[SCRAPE].. ◆ 
https://www.unepfi.org/industries/the-second-pro...ce-advancing-delivery-on-deca
rbonisation-targets  | ✓ | ⏱: 0.51s 
[COMPLETE] ● 
https://www.unepfi.org/industries/the-second-pro...ce-advancing-delivery-on-deca
rbonisation-targets  | ✓ | ⏱: 29.62s 
[FETCH]... ↓ 
https://www.unepfi.org/industries/urgent-call-to...nies-and-data-providers-for-c
ritical-sector-data  | ✓ | ⏱: 30.73s 
[SCRAPE].. ◆ 
https://www.unepfi.org/industries/urgent-call-to...nies-and-data-providers-for-c
ritical-sector-data  | ✓ | ⏱: 1.57s 
[COMPLETE] ● 
https://www.unepfi.org/industries/urgent-call-to...nies-and-data-providers-for-c
ritical-sector-data  | ✓ | ⏱: 33.30s 
[FETCH]... ↓ 
https://www.unepfi.org/industries/investment/inc...ress-report-of-the-net-zero-a
sset-owner-alliance  | ✓ | ⏱: 45.17s 
[SCRAPE].. ◆ 
https://www.unepfi.org/industries/investment/inc...ress-report-of-the-net-zero-a
sset-owner-alliance  | ✓ | ⏱: 0.38s 
[COMPLETE] ● 
https://www.unepfi.org/industries/investment/inc...ress-report-of-the-net-zero-a
sset-owner-alliance  | ✓ | ⏱: 45.60s 
[FETCH]... ↓ 
https://www.unepfi.org/industries/understanding-the-drivers-of-investment-portfo
lio-decarbonisation  | ✓ | ⏱: 35.18s 
[SCRAPE].. ◆ 
https://www.unepfi.org/industries/understanding-the-drivers-of-investment-portfo
lio-decarbonisation  | ✓ | ⏱: 0.12s 
[COMPLETE] ● 
https://www.unepfi.org/industries/understanding-the-drivers-of-investment-portfo
lio-decarbonisation  | ✓ | ⏱: 35.34s 
[FETCH]... ↓ 
https://www.unepfi.org/industries/investment/nzaoa-2025-progress-report         
| ✓ | ⏱: 45.57s 
[SCRAPE].. ◆ 
https://www.unepfi.org/industries/investment/nzaoa-2025-progress-report         
| ✓ | ⏱: 0.31s 
[COMPLETE] ● 
https://www.unepfi.org/industries/investment/nzaoa-2025-progress-report         
| ✓ | ⏱: 45.91s 
[FETCH]... ↓ 
https://www.unepfi.org/industries/investment/one...te-model-sectoral-pathways-to
-net-zero-emissions  | ✓ | ⏱: 46.01s 
[SCRAPE].. ◆ 
https://www.unepfi.org/industries/investment/one...te-model-sectoral-pathways-to
-net-zero-emissions  | ✓ | ⏱: 0.29s 
[COMPLETE] ● 
https://www.unepfi.org/industries/investment/one...te-model-sectoral-pathways-to
-net-zero-emissions  | ✓ | ⏱: 46.36s 
[FETCH]... ↓ 
https://www.unepfi.org/industries/investment/dev...ition-plans-implementation-to
ol-for-asset-owners  | ✓ | ⏱: 46.44s 
[SCRAPE].. ◆ 
https://www.unepfi.org/industries/investment/dev...ition-plans-implementation-to
ol-for-asset-owners  | ✓ | ⏱: 0.23s 
[COMPLETE] ● 
https://www.unepfi.org/industries/investment/dev...ition-plans-implementation-to
ol-for-asset-owners  | ✓ | ⏱: 46.67s 
[FETCH]... ↓ 
https://www.unepfi.org/industries/investment/cop...-collaboration-to-accelerate-
climate-investments  | ✓ | ⏱: 46.68s 
[SCRAPE].. ◆ 
https://www.unepfi.org/industries/investment/cop...-collaboration-to-accelerate-
climate-investments  | ✓ | ⏱: 0.08s 
[COMPLETE] ● 
https://www.unepfi.org/industries/investment/cop...-collaboration-to-accelerate-
climate-investments  | ✓ | ⏱: 46.77s 
[FETCH]... ↓ 
https://www.unepfi.org/industries/investment/a-l...ustainability-impact-in-inves
tor-decision-making  | ✓ | ⏱: 46.76s 
[SCRAPE].. ◆ 
https://www.unepfi.org/industries/investment/a-l...ustainability-impact-in-inves
tor-decision-making  | ✓ | ⏱: 0.14s 
[COMPLETE] ● 
https://www.unepfi.org/industries/investment/a-l...ustainability-impact-in-inves
tor-decision-making  | ✓ | ⏱: 46.90s 
[FETCH]... ↓ 
https://www.unepfi.org/industries/net-zero-asset...-calls-for-urgent-action-to-t
ackle-deforestation  | ✓ | ⏱: 35.35s 
[SCRAPE].. ◆ 
https://www.unepfi.org/industries/net-zero-asset...-calls-for-urgent-action-to-t
ackle-deforestation  | ✓ | ⏱: 0.23s 
[COMPLETE] ● 
https://www.unepfi.org/industries/net-zero-asset...-calls-for-urgent-action-to-t
ackle-deforestation  | ✓ | ⏱: 35.59s 
[FETCH]... ↓ 
https://www.unepfi.org/industries/net-zero-asset...-policymakers-to-support-scal
ing-blended-finance  | ✓ | ⏱: 35.89s 
[SCRAPE].. ◆ 
https://www.unepfi.org/industries/net-zero-asset...-policymakers-to-support-scal
ing-blended-finance  | ✓ | ⏱: 0.05s 
[COMPLETE] ● 
https://www.unepfi.org/industries/net-zero-asset...-policymakers-to-support-scal
ing-blended-finance  | ✓ | ⏱: 35.95s 
[FETCH]... ↓ 
https://www.unepfi.org/industries/investment/stepping-up-on-biodiversity        
| ✓ | ⏱: 35.94s 
[SCRAPE].. ◆ 
https://www.unepfi.org/industries/investment/stepping-up-on-biodiversity        
| ✓ | ⏱: 0.04s 
[COMPLETE] ● 
https://www.unepfi.org/industries/investment/stepping-up-on-biodiversity        
| ✓ | ⏱: 35.98s 
[FETCH]... ↓ 
https://www.unepfi.org/industries/investment/unlocking-investment-in-net-zero   
| ✓ | ⏱: 35.99s 
[SCRAPE].. ◆ 
https://www.unepfi.org/industries/investment/unlocking-investment-in-net-zero   
| ✓ | ⏱: 0.04s 
[COMPLETE] ● 
https://www.unepfi.org/industries/investment/unlocking-investment-in-net-zero   
| ✓ | ⏱: 36.03s 
[FETCH]... ↓ 
https://www.unepfi.org/industries/target-setting-protocol-third-edition         
| ✓ | ⏱: 35.76s 
[SCRAPE].. ◆ 
https://www.unepfi.org/industries/target-setting-protocol-third-edition         
| ✓ | ⏱: 0.07s 
[COMPLETE] ● 
https://www.unepfi.org/industries/target-setting-protocol-third-edition         
| ✓ | ⏱: 35.83s 
[FETCH]... ↓ 
https://www.unepfi.org/industries/the-future-of-...tic-stewardship-to-address-sy
stemic-climate-risk  | ✓ | ⏱: 36.24s 
[SCRAPE].. ◆ 
https://www.unepfi.org/industries/the-future-of-...tic-stewardship-to-address-sy
stemic-climate-risk  | ✓ | ⏱: 0.04s 
[COMPLETE] ● 
https://www.unepfi.org/industries/the-future-of-...tic-stewardship-to-address-sy
stemic-climate-risk  | ✓ | ⏱: 36.28s 
[FETCH]... ↓ 
https://www.unepfi.org/industries/nzaoa-target-setting-protocol-fifth-edition   
| ✓ | ⏱: 36.14s 
[SCRAPE].. ◆ 
https://www.unepfi.org/industries/nzaoa-target-setting-protocol-fifth-edition   
| ✓ | ⏱: 0.04s 
[COMPLETE] ● 
https://www.unepfi.org/industries/nzaoa-target-setting-protocol-fifth-edition   
| ✓ | ⏱: 36.19s 
[FETCH]... ↓ https://www.unepfi.org/insurance/insurance                         
| ✓ | ⏱: 37.47s 
[SCRAPE].. ◆ https://www.unepfi.org/insurance/insurance                         
| ✓ | ⏱: 0.13s 
[COMPLETE] ● https://www.unepfi.org/insurance/insurance                         
| ✓ | ⏱: 37.60s 
[FETCH]... ↓ 
https://www.unepfi.org/industries/net-zero-asset...-updated-position-on-governme
ntal-carbon-pricing  | ✓ | ⏱: 36.33s 
[SCRAPE].. ◆ 
https://www.unepfi.org/industries/net-zero-asset...-updated-position-on-governme
ntal-carbon-pricing  | ✓ | ⏱: 0.08s 
[COMPLETE] ● 
https://www.unepfi.org/industries/net-zero-asset...-updated-position-on-governme
ntal-carbon-pricing  | ✓ | ⏱: 36.42s 
[FETCH]... ↓ https://www.unepfi.org/industries/position-on-oil-and-gas-sector   
| ✓ | ⏱: 36.42s 
[SCRAPE].. ◆ https://www.unepfi.org/industries/position-on-oil-and-gas-sector   
| ✓ | ⏱: 0.07s 
[COMPLETE] ● https://www.unepfi.org/industries/position-on-oil-and-gas-sector   
| ✓ | ⏱: 36.50s 
[FETCH]... ↓ https://www.unepfi.org/insurance/insurance/media                   
| ✓ | ⏱: 4.44s 
[SCRAPE].. ◆ https://www.unepfi.org/insurance/insurance/media                   
| ✓ | ⏱: 0.16s 
[COMPLETE] ● https://www.unepfi.org/insurance/insurance/media                   
| ✓ | ⏱: 4.62s 
[FETCH]... ↓ https://www.unepfi.org/insurance/psi-member-area/psi-communications
| ✓ | ⏱: 5.65s 
[SCRAPE].. ◆ https://www.unepfi.org/insurance/psi-member-area/psi-communications
| ✓ | ⏱: 0.04s 
[COMPLETE] ● https://www.unepfi.org/insurance/psi-member-area/psi-communications
| ✓ | ⏱: 5.69s 
[FETCH]... ↓ https://www.unepfi.org/insurance/psi-member-area                   
| ✓ | ⏱: 5.75s 
[SCRAPE].. ◆ https://www.unepfi.org/insurance/psi-member-area                   
| ✓ | ⏱: 0.04s 
[COMPLETE] ● https://www.unepfi.org/insurance/psi-member-area                   
| ✓ | ⏱: 5.80s 
[FETCH]... ↓ 
https://www.unepfi.org/insurance/insurance/projects/the-bogota-declaration-on-su
stainable-insurance  | ✓ | ⏱: 5.82s 
[SCRAPE].. ◆ 
https://www.unepfi.org/insurance/insurance/projects/the-bogota-declaration-on-su
stainable-insurance  | ✓ | ⏱: 0.07s 
[COMPLETE] ● 
https://www.unepfi.org/insurance/insurance/projects/the-bogota-declaration-on-su
stainable-insurance  | ✓ | ⏱: 5.90s 
[FETCH]... ↓ 
https://www.unepfi.org/insurance/insurance/projects/global-resilience-project   
| ✓ | ⏱: 5.90s 
[SCRAPE].. ◆ 
https://www.unepfi.org/insurance/insurance/projects/global-resilience-project   
| ✓ | ⏱: 0.05s 
[COMPLETE] ● 
https://www.unepfi.org/insurance/insurance/projects/global-resilience-project   
| ✓ | ⏱: 5.96s 
[FETCH]... ↓ 
https://www.unepfi.org/insurance/insurance/projects/the-v20-sustainable-insuranc
e-facility           | ✓ | ⏱: 5.96s 
[SCRAPE].. ◆ 
https://www.unepfi.org/insurance/insurance/projects/the-v20-sustainable-insuranc
e-facility           | ✓ | ⏱: 0.01s 
[COMPLETE] ● 
https://www.unepfi.org/insurance/insurance/projects/the-v20-sustainable-insuranc
e-facility           | ✓ | ⏱: 5.99s 
[FETCH]... ↓ 
https://www.unepfi.org/insurance/insurance/the-principles/psi-frequently-asked-q
uestions             | ✓ | ⏱: 6.00s 
[SCRAPE].. ◆ 
https://www.unepfi.org/insurance/insurance/the-principles/psi-frequently-asked-q
uestions             | ✓ | ⏱: 0.08s 
[COMPLETE] ● 
https://www.unepfi.org/insurance/insurance/the-principles/psi-frequently-asked-q
uestions             | ✓ | ⏱: 6.09s 
[FETCH]... ↓ 
https://www.unepfi.org/insurance/insurance/signatory-companies/how-to-join      
| ✓ | ⏱: 8.06s 
[SCRAPE].. ◆ 
https://www.unepfi.org/insurance/insurance/signatory-companies/how-to-join      
| ✓ | ⏱: 0.08s 
[COMPLETE] ● 
https://www.unepfi.org/insurance/insurance/signatory-companies/how-to-join      
| ✓ | ⏱: 8.15s 
[FETCH]... ↓ 
https://www.unepfi.org/insurance/insurance/signatory-companies/supporting-instit
utions               | ✓ | ⏱: 8.28s 
[SCRAPE].. ◆ 
https://www.unepfi.org/insurance/insurance/signatory-companies/supporting-instit
utions               | ✓ | ⏱: 0.50s 
[COMPLETE] ● 
https://www.unepfi.org/insurance/insurance/signatory-companies/supporting-instit
utions               | ✓ | ⏱: 8.79s 
[FETCH]... ↓ 
https://www.unepfi.org/insurance/insurance/projects/nature-positive-insurance   
| ✓ | ⏱: 8.80s 
[SCRAPE].. ◆ 
https://www.unepfi.org/insurance/insurance/projects/nature-positive-insurance   
| ✓ | ⏱: 0.07s 
[COMPLETE] ● 
https://www.unepfi.org/insurance/insurance/projects/nature-positive-insurance   
| ✓ | ⏱: 8.87s 
[FETCH]... ↓ https://www.unepfi.org/insurance/psi-member-area/psi-governance    
| ✓ | ⏱: 9.72s 
[SCRAPE].. ◆ https://www.unepfi.org/insurance/psi-member-area/psi-governance    
| ✓ | ⏱: 0.35s 
[COMPLETE] ● https://www.unepfi.org/insurance/psi-member-area/psi-governance    
| ✓ | ⏱: 10.08s 
[FETCH]... ↓ 
https://www.unepfi.org/insurance/insurance/projects/net-zero-insurance-alliance 
| ✓ | ⏱: 11.59s 
[SCRAPE].. ◆ 
https://www.unepfi.org/insurance/insurance/projects/net-zero-insurance-alliance 
| ✓ | ⏱: 1.89s 
[COMPLETE] ● 
https://www.unepfi.org/insurance/insurance/projects/net-zero-insurance-alliance 
| ✓ | ⏱: 14.15s 
[FETCH]... ↓ 
https://www.unepfi.org/insurance/insurance/proje...bution-to-the-uns-sustainable
-development-agenda  | ✓ | ⏱: 16.21s 
[SCRAPE].. ◆ 
https://www.unepfi.org/insurance/insurance/proje...bution-to-the-uns-sustainable
-development-agenda  | ✓ | ⏱: 1.83s 
[COMPLETE] ● 
https://www.unepfi.org/insurance/insurance/proje...bution-to-the-uns-sustainable
-development-agenda  | ✓ | ⏱: 18.65s 
[FETCH]... ↓ 
https://www.unepfi.org/insurance/psi-member-area/psi-disclosures-fees           
| ✓ | ⏱: 19.74s 
[SCRAPE].. ◆ 
https://www.unepfi.org/insurance/psi-member-area/psi-disclosures-fees           
| ✓ | ⏱: 0.76s 
[COMPLETE] ● 
https://www.unepfi.org/insurance/psi-member-area/psi-disclosures-fees           
| ✓ | ⏱: 20.94s 
[FETCH]... ↓ 
https://www.unepfi.org/insurance/insurance/proje...writing-criteria-and-principl
es-for-surety-bonds  | ✓ | ⏱: 24.06s 
[SCRAPE].. ◆ 
https://www.unepfi.org/insurance/insurance/proje...writing-criteria-and-principl
es-for-surety-bonds  | ✓ | ⏱: 0.57s 
[COMPLETE] ● 
https://www.unepfi.org/insurance/insurance/proje...writing-criteria-and-principl
es-for-surety-bonds  | ✓ | ⏱: 24.76s 
[FETCH]... ↓ 
https://www.unepfi.org/insurance/psi-member-area/psi-wgn-members-area           
| ✓ | ⏱: 21.72s 
[SCRAPE].. ◆ 
https://www.unepfi.org/insurance/psi-member-area/psi-wgn-members-area           
| ✓ | ⏱: 1.11s 
[COMPLETE] ● 
https://www.unepfi.org/insurance/psi-member-area/psi-wgn-members-area           
| ✓ | ⏱: 23.00s 
[FETCH]... ↓ 
https://www.unepfi.org/insurance/insurance/projects/greening-chinas-financial-sy
stem                 | ✓ | ⏱: 26.62s 
[SCRAPE].. ◆ 
https://www.unepfi.org/insurance/insurance/projects/greening-chinas-financial-sy
stem                 | ✓ | ⏱: 1.23s 
[COMPLETE] ● 
https://www.unepfi.org/insurance/insurance/projects/greening-chinas-financial-sy
stem                 | ✓ | ⏱: 28.06s 
[FETCH]... ↓ https://www.unepfi.org/insurance/insurance/the-principles          
| ✓ | ⏱: 34.18s 
[SCRAPE].. ◆ https://www.unepfi.org/insurance/insurance/the-principles          
| ✓ | ⏱: 0.35s 
[COMPLETE] ● https://www.unepfi.org/insurance/insurance/the-principles          
| ✓ | ⏱: 34.60s 
[FETCH]... ↓ 
https://www.unepfi.org/insurance/psi-member-area/psi-wgn-members-area/psi-wgn-ct
g                    | ✓ | ⏱: 29.14s 
[SCRAPE].. ◆ 
https://www.unepfi.org/insurance/psi-member-area/psi-wgn-members-area/psi-wgn-ct
g                    | ✓ | ⏱: 0.26s 
[COMPLETE] ● 
https://www.unepfi.org/insurance/psi-member-area/psi-wgn-members-area/psi-wgn-ct
g                    | ✓ | ⏱: 29.52s 
[FETCH]... ↓ https://www.unepfi.org/investment/history/fiduciary-duty           
| ✓ | ⏱: 27.89s 
[SCRAPE].. ◆ https://www.unepfi.org/investment/history/fiduciary-duty           
| ✓ | ⏱: 0.14s 
[COMPLETE] ● https://www.unepfi.org/investment/history/fiduciary-duty           
| ✓ | ⏱: 28.04s 
[FETCH]... ↓ 
https://www.unepfi.org/insurance/psi-member-area/psi-wgn-members-area/psi-wgn-op
erational-documents  | ✓ | ⏱: 27.48s 
[SCRAPE].. ◆ 
https://www.unepfi.org/insurance/psi-member-area/psi-wgn-members-area/psi-wgn-op
erational-documents  | ✓ | ⏱: 0.56s 
[COMPLETE] ● 
https://www.unepfi.org/insurance/psi-member-area/psi-wgn-members-area/psi-wgn-op
erational-documents  | ✓ | ⏱: 28.07s 
[FETCH]... ↓ 
https://www.unepfi.org/insurance/psi-member-area/psi-wgn-members-area/psi-wgn-re
sources              | ✓ | ⏱: 28.10s 
[SCRAPE].. ◆ 
https://www.unepfi.org/insurance/psi-member-area/psi-wgn-members-area/psi-wgn-re
sources              | ✓ | ⏱: 0.15s 
[COMPLETE] ● 
https://www.unepfi.org/insurance/psi-member-area/psi-wgn-members-area/psi-wgn-re
sources              | ✓ | ⏱: 28.26s 
[FETCH]... ↓ https://www.unepfi.org/insurance/insurance/signatory-companies     
| ✓ | ⏱: 37.07s 
[SCRAPE].. ◆ https://www.unepfi.org/insurance/insurance/signatory-companies     
| ✓ | ⏱: 0.75s 
[COMPLETE] ● https://www.unepfi.org/insurance/insurance/signatory-companies     
| ✓ | ⏱: 37.84s 
[FETCH]... ↓ https://www.unepfi.org/investment/contact                          
| ✓ | ⏱: 29.19s 
[SCRAPE].. ◆ https://www.unepfi.org/investment/contact                          
| ✓ | ⏱: 0.17s 
[COMPLETE] ● https://www.unepfi.org/investment/contact                          
| ✓ | ⏱: 29.38s 
[FETCH]... ↓ 
https://www.unepfi.org/insurance/insurance/projects/psi-wwf-world-heritage-sites
-initiative          | ✓ | ⏱: 38.19s 
[SCRAPE].. ◆ 
https://www.unepfi.org/insurance/insurance/projects/psi-wwf-world-heritage-sites
-initiative          | ✓ | ⏱: 0.20s 
[COMPLETE] ● 
https://www.unepfi.org/insurance/insurance/projects/psi-wwf-world-heritage-sites
-initiative          | ✓ | ⏱: 38.42s 
[FETCH]... ↓ https://www.unepfi.org/investment/history                          
| ✓ | ⏱: 29.64s 
[SCRAPE].. ◆ https://www.unepfi.org/investment/history                          
| ✓ | ⏱: 0.17s 
[COMPLETE] ● https://www.unepfi.org/investment/history                          
| ✓ | ⏱: 29.82s 
[FETCH]... ↓ https://www.unepfi.org/insurance/psi-member-area/psi-whats-next    
| ✓ | ⏱: 29.85s 
[SCRAPE].. ◆ https://www.unepfi.org/insurance/psi-member-area/psi-whats-next    
| ✓ | ⏱: 0.12s 
[COMPLETE] ● https://www.unepfi.org/insurance/psi-member-area/psi-whats-next    
| ✓ | ⏱: 29.98s 
[FETCH]... ↓ https://www.unepfi.org/insurance/insurance/contact                 
| ✓ | ⏱: 43.25s 
[SCRAPE].. ◆ https://www.unepfi.org/insurance/insurance/contact                 
| ✓ | ⏱: 0.04s 
[COMPLETE] ● https://www.unepfi.org/insurance/insurance/contact                 
| ✓ | ⏱: 43.30s 
[FETCH]... ↓ https://www.unepfi.org/investment/history/property                 
| ✓ | ⏱: 28.51s 
[SCRAPE].. ◆ https://www.unepfi.org/investment/history/property                 
| ✓ | ⏱: 0.11s 
[COMPLETE] ● https://www.unepfi.org/investment/history/property                 
| ✓ | ⏱: 28.63s 
[FETCH]... ↓ 
https://www.unepfi.org/investment/investor-agenda-for-climate-change            
| ✓ | ⏱: 14.32s 
[SCRAPE].. ◆ 
https://www.unepfi.org/investment/investor-agenda-for-climate-change            
| ✓ | ⏱: 0.09s 
[COMPLETE] ● 
https://www.unepfi.org/investment/investor-agenda-for-climate-change            
| ✓ | ⏱: 14.42s 
[FETCH]... ↓ https://www.unepfi.org/investment/investment                       
| ✓ | ⏱: 24.18s 
[SCRAPE].. ◆ https://www.unepfi.org/investment/investment                       
| ✓ | ⏱: 0.10s 
[COMPLETE] ● https://www.unepfi.org/investment/investment                       
| ✓ | ⏱: 24.29s 
[FETCH]... ↓ https://www.unepfi.org/investment/sse                              
| ✓ | ⏱: 12.93s 
[SCRAPE].. ◆ https://www.unepfi.org/investment/sse                              
| ✓ | ⏱: 0.09s 
[COMPLETE] ● https://www.unepfi.org/investment/sse                              
| ✓ | ⏱: 13.02s 
[FETCH]... ↓ https://www.unepfi.org/investment/investment-leadership-programme  
| ✓ | ⏱: 20.24s 
[SCRAPE].. ◆ https://www.unepfi.org/investment/investment-leadership-programme  
| ✓ | ⏱: 0.10s 
[COMPLETE] ● https://www.unepfi.org/investment/investment-leadership-programme  
| ✓ | ⏱: 20.35s 
[FETCH]... ↓ https://www.unepfi.org/legal-framework-for-impact/articles         
| ✓ | ⏱: 5.60s 
[SCRAPE].. ◆ https://www.unepfi.org/legal-framework-for-impact/articles         
| ✓ | ⏱: 0.09s 
[COMPLETE] ● https://www.unepfi.org/legal-framework-for-impact/articles         
| ✓ | ⏱: 5.70s 
[FETCH]... ↓ https://www.unepfi.org/legal-framework-for-impact/about            
| ✓ | ⏱: 9.67s 
[SCRAPE].. ◆ https://www.unepfi.org/legal-framework-for-impact/about            
| ✓ | ⏱: 0.14s 
[COMPLETE] ● https://www.unepfi.org/legal-framework-for-impact/about            
| ✓ | ⏱: 9.82s 
[FETCH]... ↓ https://www.unepfi.org/legal-framework-for-impact/faq              
| ✓ | ⏱: 6.03s 
[SCRAPE].. ◆ https://www.unepfi.org/legal-framework-for-impact/faq              
| ✓ | ⏱: 0.02s 
[COMPLETE] ● https://www.unepfi.org/legal-framework-for-impact/faq              
| ✓ | ⏱: 6.06s 
[FETCH]... ↓ https://www.unepfi.org/legal-framework-for-impact/media-news       
| ✓ | ⏱: 5.31s 
[SCRAPE].. ◆ https://www.unepfi.org/legal-framework-for-impact/media-news       
| ✓ | ⏱: 0.19s 
[COMPLETE] ● https://www.unepfi.org/legal-framework-for-impact/media-news       
| ✓ | ⏱: 5.51s 
[FETCH]... ↓ https://www.unepfi.org/legal-framework-for-impact/events           
| ✓ | ⏱: 7.64s 
[SCRAPE].. ◆ https://www.unepfi.org/legal-framework-for-impact/events           
| ✓ | ⏱: 0.46s 
[COMPLETE] ● https://www.unepfi.org/legal-framework-for-impact/events           
| ✓ | ⏱: 8.29s 
[FETCH]... ↓ https://www.unepfi.org/member/abu-dhabi-islamic-bank-pjsc          
| ✓ | ⏱: 9.63s 
[SCRAPE].. ◆ https://www.unepfi.org/member/abu-dhabi-islamic-bank-pjsc          
| ✓ | ⏱: 0.77s 
[COMPLETE] ● https://www.unepfi.org/member/abu-dhabi-islamic-bank-pjsc          
| ✓ | ⏱: 10.51s 
[FETCH]... ↓ https://www.unepfi.org/member/abn-amro-bank-n-v                    
| ✓ | ⏱: 10.94s 
[SCRAPE].. ◆ https://www.unepfi.org/member/abn-amro-bank-n-v                    
| ✓ | ⏱: 0.71s 
[COMPLETE] ● https://www.unepfi.org/member/abn-amro-bank-n-v                    
| ✓ | ⏱: 11.67s 
[FETCH]... ↓ https://www.unepfi.org/legal-framework-for-impact/resources        
| ✓ | ⏱: 12.52s 
[SCRAPE].. ◆ https://www.unepfi.org/legal-framework-for-impact/resources        
| ✓ | ⏱: 0.06s 
[COMPLETE] ● https://www.unepfi.org/legal-framework-for-impact/resources        
| ✓ | ⏱: 12.60s 
[FETCH]... ↓ https://www.unepfi.org/member/access-bank-plc                      
| ✓ | ⏱: 12.64s 
[SCRAPE].. ◆ https://www.unepfi.org/member/access-bank-plc                      
| ✓ | ⏱: 0.15s 
[COMPLETE] ● https://www.unepfi.org/member/access-bank-plc                      
| ✓ | ⏱: 12.81s 
[FETCH]... ↓ https://www.unepfi.org/member/aar-insurance-holdings-limited       
| ✓ | ⏱: 12.93s 
[SCRAPE].. ◆ https://www.unepfi.org/member/aar-insurance-holdings-limited       
| ✓ | ⏱: 0.11s 
[COMPLETE] ● https://www.unepfi.org/member/aar-insurance-holdings-limited       
| ✓ | ⏱: 13.06s 
[FETCH]... ↓ https://www.unepfi.org/legal-framework-for-impact/partners         
| ✓ | ⏱: 13.32s 
[SCRAPE].. ◆ https://www.unepfi.org/legal-framework-for-impact/partners         
| ✓ | ⏱: 0.44s 
[COMPLETE] ● https://www.unepfi.org/legal-framework-for-impact/partners         
| ✓ | ⏱: 13.85s 
[FETCH]... ↓ https://www.unepfi.org/member/achmea-bank                          
| ✓ | ⏱: 13.33s 
[SCRAPE].. ◆ https://www.unepfi.org/member/achmea-bank                          
| ✓ | ⏱: 0.08s 
[COMPLETE] ● https://www.unepfi.org/member/achmea-bank                          
| ✓ | ⏱: 13.41s 
[FETCH]... ↓ https://www.unepfi.org/legal-framework-for-impact/podcasts         
| ✓ | ⏱: 14.24s 
[SCRAPE].. ◆ https://www.unepfi.org/legal-framework-for-impact/podcasts         
| ✓ | ⏱: 0.01s 
[COMPLETE] ● https://www.unepfi.org/legal-framework-for-impact/podcasts         
| ✓ | ⏱: 14.26s 
[FETCH]... ↓ https://www.unepfi.org/member/abanca-corporacion-bancaria-s-a      
| ✓ | ⏱: 14.28s 
[SCRAPE].. ◆ https://www.unepfi.org/member/abanca-corporacion-bancaria-s-a      
| ✓ | ⏱: 0.04s 
[COMPLETE] ● https://www.unepfi.org/member/abanca-corporacion-bancaria-s-a      
| ✓ | ⏱: 14.33s 
[FETCH]... ↓ https://www.unepfi.org/member/ag-insurance                         
| ✓ | ⏱: 14.15s 
[SCRAPE].. ◆ https://www.unepfi.org/member/ag-insurance                         
| ✓ | ⏱: 0.04s 
[COMPLETE] ● https://www.unepfi.org/member/ag-insurance                         
| ✓ | ⏱: 14.20s 
[FETCH]... ↓ https://www.unepfi.org/member/aegon-n-v                            
| ✓ | ⏱: 13.64s 
[SCRAPE].. ◆ https://www.unepfi.org/member/aegon-n-v                            
| ✓ | ⏱: 0.04s 
[COMPLETE] ● https://www.unepfi.org/member/aegon-n-v                            
| ✓ | ⏱: 13.68s 
[FETCH]... ↓ https://www.unepfi.org/member/ageas                                
| ✓ | ⏱: 14.25s 
[SCRAPE].. ◆ https://www.unepfi.org/member/ageas                                
| ✓ | ⏱: 0.05s 
[COMPLETE] ● https://www.unepfi.org/member/ageas                                
| ✓ | ⏱: 14.30s 
[FETCH]... ↓ https://www.unepfi.org/member/achmea                               
| ✓ | ⏱: 14.46s 
[SCRAPE].. ◆ https://www.unepfi.org/member/achmea                               
| ✓ | ⏱: 0.06s 
[COMPLETE] ● https://www.unepfi.org/member/achmea                               
| ✓ | ⏱: 14.53s 
[FETCH]... ↓ https://www.unepfi.org/member/a-s-arbejdernes-landsbank            
| ✓ | ⏱: 14.55s 
[SCRAPE].. ◆ https://www.unepfi.org/member/a-s-arbejdernes-landsbank            
| ✓ | ⏱: 0.05s 
[COMPLETE] ● https://www.unepfi.org/member/a-s-arbejdernes-landsbank            
| ✓ | ⏱: 14.60s 
[FETCH]... ↓ https://www.unepfi.org/member/absa-group-limited                   
| ✓ | ⏱: 14.60s 
[SCRAPE].. ◆ https://www.unepfi.org/member/absa-group-limited                   
| ✓ | ⏱: 0.04s 
[COMPLETE] ● https://www.unepfi.org/member/absa-group-limited                   
| ✓ | ⏱: 14.65s 
[FETCH]... ↓ 
https://www.unepfi.org/member/african-risk-capacity-insurance-company-limited   
| ✓ | ⏱: 13.85s 
[SCRAPE].. ◆ 
https://www.unepfi.org/member/african-risk-capacity-insurance-company-limited   
| ✓ | ⏱: 0.07s 
[COMPLETE] ● 
https://www.unepfi.org/member/african-risk-capacity-insurance-company-limited   
| ✓ | ⏱: 13.92s 
[FETCH]... ↓ https://www.unepfi.org/member/acorn-life-group-ltd                 
| ✓ | ⏱: 13.92s 
[SCRAPE].. ◆ https://www.unepfi.org/member/acorn-life-group-ltd                 
| ✓ | ⏱: 0.21s 
[COMPLETE] ● https://www.unepfi.org/member/acorn-life-group-ltd                 
| ✓ | ⏱: 14.14s 
[FETCH]... ↓ https://www.unepfi.org/member/agricultural-bank-of-china-limited   
| ✓ | ⏱: 6.51s 
[SCRAPE].. ◆ https://www.unepfi.org/member/agricultural-bank-of-china-limited   
| ✓ | ⏱: 0.07s 
[COMPLETE] ● https://www.unepfi.org/member/agricultural-bank-of-china-limited   
| ✓ | ⏱: 6.60s 
[FETCH]... ↓ https://www.unepfi.org/nature/gbf-finance-sector                   
| ✓ | ⏱: 4.01s 
[SCRAPE].. ◆ https://www.unepfi.org/nature/gbf-finance-sector                   
| ✓ | ⏱: 0.06s 
[COMPLETE] ● https://www.unepfi.org/nature/gbf-finance-sector                   
| ✓ | ⏱: 4.07s 
[FETCH]... ↓ https://www.unepfi.org/nature/contact-us                           
| ✓ | ⏱: 14.59s 
[SCRAPE].. ◆ https://www.unepfi.org/nature/contact-us                           
| ✓ | ⏱: 0.90s 
[COMPLETE] ● https://www.unepfi.org/nature/contact-us                           
| ✓ | ⏱: 15.53s 
[FETCH]... ↓ https://www.unepfi.org/nature/journey-so-far                       
| ✓ | ⏱: 13.48s 
[SCRAPE].. ◆ https://www.unepfi.org/nature/journey-so-far                       
| ✓ | ⏱: 6.18s 
[COMPLETE] ● https://www.unepfi.org/nature/journey-so-far                       
| ✓ | ⏱: 20.02s 
[FETCH]... ↓ 
https://www.unepfi.org/net-zero-alliance/about/structure-and-governance         
| ✓ | ⏱: 23.03s 
[SCRAPE].. ◆ 
https://www.unepfi.org/net-zero-alliance/about/structure-and-governance         
| ✓ | ⏱: 0.08s 
[COMPLETE] ● 
https://www.unepfi.org/net-zero-alliance/about/structure-and-governance         
| ✓ | ⏱: 23.18s 
[FETCH]... ↓ https://www.unepfi.org/news/introducing-the-unep-fi-impact-centre  
| ✓ | ⏱: 23.54s 
[SCRAPE].. ◆ https://www.unepfi.org/news/introducing-the-unep-fi-impact-centre  
| ✓ | ⏱: 0.32s 
[COMPLETE] ● https://www.unepfi.org/news/introducing-the-unep-fi-impact-centre  
| ✓ | ⏱: 23.88s 
[FETCH]... ↓ https://www.unepfi.org/net-zero-alliance/about                     
| ✓ | ⏱: 23.31s 
[SCRAPE].. ◆ https://www.unepfi.org/net-zero-alliance/about                     
| ✓ | ⏱: 0.02s 
[COMPLETE] ● https://www.unepfi.org/net-zero-alliance/about                     
| ✓ | ⏱: 23.34s 
[FETCH]... ↓ 
https://www.unepfi.org/net-zero-alliance/media/news-press-releases-and-conferenc
es                   | ✓ | ⏱: 23.86s 
[SCRAPE].. ◆ 
https://www.unepfi.org/net-zero-alliance/media/news-press-releases-and-conferenc
es                   | ✓ | ⏱: 0.02s 
[COMPLETE] ● 
https://www.unepfi.org/net-zero-alliance/media/news-press-releases-and-conferenc
es                   | ✓ | ⏱: 23.88s 
[FETCH]... ↓ https://www.unepfi.org/net-zero-alliance/resources/nzaoa-positions 
| ✓ | ⏱: 23.85s 
[SCRAPE].. ◆ https://www.unepfi.org/net-zero-alliance/resources/nzaoa-positions 
| ✓ | ⏱: 0.02s 
[COMPLETE] ● https://www.unepfi.org/net-zero-alliance/resources/nzaoa-positions 
| ✓ | ⏱: 23.87s 
[FETCH]... ↓ 
https://www.unepfi.org/news/leading-financial-in...ons-to-redirect-finance-to-en
d-plastic-pollution  | ✓ | ⏱: 23.92s 
[SCRAPE].. ◆ 
https://www.unepfi.org/news/leading-financial-in...ons-to-redirect-finance-to-en
d-plastic-pollution  | ✓ | ⏱: 0.04s 
[COMPLETE] ● 
https://www.unepfi.org/news/leading-financial-in...ons-to-redirect-finance-to-en
d-plastic-pollution  | ✓ | ⏱: 23.96s 
[FETCH]... ↓ 
https://www.unepfi.org/news/un-forum-launches-fi...nce-sheet-transition-guide-fo
r-insurers-at-cop30  | ✓ | ⏱: 23.85s 
[SCRAPE].. ◆ 
https://www.unepfi.org/news/un-forum-launches-fi...nce-sheet-transition-guide-fo
r-insurers-at-cop30  | ✓ | ⏱: 0.04s 
[COMPLETE] ● 
https://www.unepfi.org/news/un-forum-launches-fi...nce-sheet-transition-guide-fo
r-insurers-at-cop30  | ✓ | ⏱: 23.90s 
[FETCH]... ↓ https://www.unepfi.org/net-zero-alliance/join-the-alliance         
| ✓ | ⏱: 23.61s 
[SCRAPE].. ◆ https://www.unepfi.org/net-zero-alliance/join-the-alliance         
| ✓ | ⏱: 0.02s 
[COMPLETE] ● https://www.unepfi.org/net-zero-alliance/join-the-alliance         
| ✓ | ⏱: 23.63s 
[FETCH]... ↓ 
https://www.unepfi.org/policy-and-regulation/sustainable-finance-taxonomies     
| ✓ | ⏱: 23.12s 
[SCRAPE].. ◆ 
https://www.unepfi.org/policy-and-regulation/sustainable-finance-taxonomies     
| ✓ | ⏱: 0.06s 
[COMPLETE] ● 
https://www.unepfi.org/policy-and-regulation/sustainable-finance-taxonomies     
| ✓ | ⏱: 23.19s 
[FETCH]... ↓ https://www.unepfi.org/net-zero-alliance/resources                 
| ✓ | ⏱: 23.99s 
[SCRAPE].. ◆ https://www.unepfi.org/net-zero-alliance/resources                 
| ✓ | ⏱: 0.02s 
[COMPLETE] ● https://www.unepfi.org/net-zero-alliance/resources                 
| ✓ | ⏱: 24.02s 
[FETCH]... ↓ https://www.unepfi.org/net-zero-alliance/alliance-members          
| ✓ | ⏱: 23.78s 
[SCRAPE].. ◆ https://www.unepfi.org/net-zero-alliance/alliance-members          
| ✓ | ⏱: 0.18s 
[COMPLETE] ● https://www.unepfi.org/net-zero-alliance/alliance-members          
| ✓ | ⏱: 23.97s 
[FETCH]... ↓ https://www.unepfi.org/nature/redd                                 
| ✓ | ⏱: 24.44s 
[SCRAPE].. ◆ https://www.unepfi.org/nature/redd                                 
| ✓ | ⏱: 0.09s 
[COMPLETE] ● https://www.unepfi.org/nature/redd                                 
| ✓ | ⏱: 24.54s 
[FETCH]... ↓ https://www.unepfi.org/policy-and-regulation/contact               
| ✓ | ⏱: 24.73s 
[SCRAPE].. ◆ https://www.unepfi.org/policy-and-regulation/contact               
| ✓ | ⏱: 0.07s 
[COMPLETE] ● https://www.unepfi.org/policy-and-regulation/contact               
| ✓ | ⏱: 24.81s 
[FETCH]... ↓ https://www.unepfi.org/nature/nature/nature-based-solutions        
| ✓ | ⏱: 24.71s 
[SCRAPE].. ◆ https://www.unepfi.org/nature/nature/nature-based-solutions        
| ✓ | ⏱: 0.06s 
[COMPLETE] ● https://www.unepfi.org/nature/nature/nature-based-solutions        
| ✓ | ⏱: 24.77s 
[FETCH]... ↓ https://www.unepfi.org/net-zero-alliance/media                     
| ✓ | ⏱: 24.23s 
[SCRAPE].. ◆ https://www.unepfi.org/net-zero-alliance/media                     
| ✓ | ⏱: 0.03s 
[COMPLETE] ● https://www.unepfi.org/net-zero-alliance/media                     
| ✓ | ⏱: 24.27s 
[FETCH]... ↓ https://www.unepfi.org/net-zero-alliance/events                    
| ✓ | ⏱: 24.51s 
[SCRAPE].. ◆ https://www.unepfi.org/net-zero-alliance/events                    
| ✓ | ⏱: 0.02s 
[COMPLETE] ● https://www.unepfi.org/net-zero-alliance/events                    
| ✓ | ⏱: 24.54s 
[FETCH]... ↓ 
https://www.unepfi.org/net-zero-alliance/about/f...ly-asked-questions-net-zero-a
sset-owner-alliance  | ✓ | ⏱: 24.24s 
[SCRAPE].. ◆ 
https://www.unepfi.org/net-zero-alliance/about/f...ly-asked-questions-net-zero-a
sset-owner-alliance  | ✓ | ⏱: 0.04s 
[COMPLETE] ● 
https://www.unepfi.org/net-zero-alliance/about/f...ly-asked-questions-net-zero-a
sset-owner-alliance  | ✓ | ⏱: 24.29s 
[FETCH]... ↓ https://www.unepfi.org/nature/meet-the-team/contact-us             
| ✓ | ⏱: 24.18s 
[SCRAPE].. ◆ https://www.unepfi.org/nature/meet-the-team/contact-us             
| ✓ | ⏱: 0.04s 
[COMPLETE] ● https://www.unepfi.org/nature/meet-the-team/contact-us             
| ✓ | ⏱: 24.23s 
[FETCH]... ↓ https://www.unepfi.org/policy-publications                         
| ✓ | ⏱: 5.65s 
[SCRAPE].. ◆ https://www.unepfi.org/policy-publications                         
| ✓ | ⏱: 0.05s 
[COMPLETE] ● https://www.unepfi.org/policy-publications                         
| ✓ | ⏱: 5.71s 
[FETCH]... ↓ https://www.unepfi.org/pollution-and-circular-economy/contact      
| ✓ | ⏱: 7.92s 
[SCRAPE].. ◆ https://www.unepfi.org/pollution-and-circular-economy/contact      
| ✓ | ⏱: 0.18s 
[COMPLETE] ● https://www.unepfi.org/pollution-and-circular-economy/contact      
| ✓ | ⏱: 8.11s 
[FETCH]... ↓ 
https://www.unepfi.org/pollution-and-circular-ec...llution/the-finance-leadershi
p-group-on-plastics  | ✓ | ⏱: 5.05s 
[SCRAPE].. ◆ 
https://www.unepfi.org/pollution-and-circular-ec...llution/the-finance-leadershi
p-group-on-plastics  | ✓ | ⏱: 0.16s 
[COMPLETE] ● 
https://www.unepfi.org/pollution-and-circular-ec...llution/the-finance-leadershi
p-group-on-plastics  | ✓ | ⏱: 5.22s 
[FETCH]... ↓ 
https://www.unepfi.org/publications/harmful-marine-extractives-dredging-marine-a
ggregate-extraction  | ✓ | ⏱: 4.33s 
[SCRAPE].. ◆ 
https://www.unepfi.org/publications/harmful-marine-extractives-dredging-marine-a
ggregate-extraction  | ✓ | ⏱: 1.00s 
[COMPLETE] ● 
https://www.unepfi.org/publications/harmful-marine-extractives-dredging-marine-a
ggregate-extraction  | ✓ | ⏱: 5.38s 
[FETCH]... ↓ 
https://www.unepfi.org/publications/harmful-marine-extractives-deep-sea-mining  
| ✓ | ⏱: 7.24s 
[SCRAPE].. ◆ 
https://www.unepfi.org/publications/harmful-marine-extractives-deep-sea-mining  
| ✓ | ⏱: 3.92s 
[COMPLETE] ● 
https://www.unepfi.org/publications/harmful-marine-extractives-deep-sea-mining  
| ✓ | ⏱: 11.56s 
[FETCH]... ↓ https://www.unepfi.org/publications/financing-circularity          
| ✓ | ⏱: 12.11s 
[SCRAPE].. ◆ https://www.unepfi.org/publications/financing-circularity          
| ✓ | ⏱: 0.76s 
[COMPLETE] ● https://www.unepfi.org/publications/financing-circularity          
| ✓ | ⏱: 12.92s 
[FETCH]... ↓ https://www.unepfi.org/publications/diving-deep                    
| ✓ | ⏱: 17.64s 
[SCRAPE].. ◆ https://www.unepfi.org/publications/diving-deep                    
| ✓ | ⏱: 0.72s 
[COMPLETE] ● https://www.unepfi.org/publications/diving-deep                    
| ✓ | ⏱: 18.75s 
[FETCH]... ↓ 
https://www.unepfi.org/publications/engaging-pri...w-and-implementation-sign-pos
ts-for-policymakers  | ✓ | ⏱: 19.26s 
[SCRAPE].. ◆ 
https://www.unepfi.org/publications/engaging-pri...w-and-implementation-sign-pos
ts-for-policymakers  | ✓ | ⏱: 0.13s 
[COMPLETE] ● 
https://www.unepfi.org/publications/engaging-pri...w-and-implementation-sign-pos
ts-for-policymakers  | ✓ | ⏱: 19.40s 
[FETCH]... ↓ 
https://www.unepfi.org/publications/a-legal-fram...ustainability-impact-in-inves
tor-decision-making  | ✓ | ⏱: 19.34s 
[SCRAPE].. ◆ 
https://www.unepfi.org/publications/a-legal-fram...ustainability-impact-in-inves
tor-decision-making  | ✓ | ⏱: 0.06s 
[COMPLETE] ● 
https://www.unepfi.org/publications/a-legal-fram...ustainability-impact-in-inves
tor-decision-making  | ✓ | ⏱: 19.40s 
[FETCH]... ↓ 
https://www.unepfi.org/publications/from-kunming-montreal-to-cali-is-the-financi
al-system-on-track   | ✓ | ⏱: 19.60s 
[SCRAPE].. ◆ 
https://www.unepfi.org/publications/from-kunming-montreal-to-cali-is-the-financi
al-system-on-track   | ✓ | ⏱: 0.07s 
[COMPLETE] ● 
https://www.unepfi.org/publications/from-kunming-montreal-to-cali-is-the-financi
al-system-on-track   | ✓ | ⏱: 19.67s 
[FETCH]... ↓ 
https://www.unepfi.org/publications/common-frame...e-taxonomies-for-latin-americ
a-and-the-caribbean  | ✓ | ⏱: 20.00s 
[SCRAPE].. ◆ 
https://www.unepfi.org/publications/common-frame...e-taxonomies-for-latin-americ
a-and-the-caribbean  | ✓ | ⏱: 0.32s 
[COMPLETE] ● 
https://www.unepfi.org/publications/common-frame...e-taxonomies-for-latin-americ
a-and-the-caribbean  | ✓ | ⏱: 20.32s 
[FETCH]... ↓ 
https://www.unepfi.org/pollution-and-circular-ec...ution/the-finance-statement-o
n-plastic-pollution  | ✓ | ⏱: 20.21s 
[SCRAPE].. ◆ 
https://www.unepfi.org/pollution-and-circular-ec...ution/the-finance-statement-o
n-plastic-pollution  | ✓ | ⏱: 0.10s 
[COMPLETE] ● 
https://www.unepfi.org/pollution-and-circular-ec...ution/the-finance-statement-o
n-plastic-pollution  | ✓ | ⏱: 20.32s 
[FETCH]... ↓ 
https://www.unepfi.org/publications/cop30-report...rs-from-pledges-to-delivery-a
-decade-after-paris  | ✓ | ⏱: 20.36s 
[SCRAPE].. ◆ 
https://www.unepfi.org/publications/cop30-report...rs-from-pledges-to-delivery-a
-decade-after-paris  | ✓ | ⏱: 0.05s 
[COMPLETE] ● 
https://www.unepfi.org/publications/cop30-report...rs-from-pledges-to-delivery-a
-decade-after-paris  | ✓ | ⏱: 20.41s 
[FETCH]... ↓ 
https://www.unepfi.org/publications/harmful-marine-extractives-offshore-oil-gas 
| ✓ | ⏱: 14.53s 
[SCRAPE].. ◆ 
https://www.unepfi.org/publications/harmful-marine-extractives-offshore-oil-gas 
| ✓ | ⏱: 0.06s 
[COMPLETE] ● 
https://www.unepfi.org/publications/harmful-marine-extractives-offshore-oil-gas 
| ✓ | ⏱: 14.60s 
[FETCH]... ↓ 
https://www.unepfi.org/publications/accountabili...ssment-and-disclosure-framewo
rks-and-standards-3  | ✓ | ⏱: 20.57s 
[SCRAPE].. ◆ 
https://www.unepfi.org/publications/accountabili...ssment-and-disclosure-framewo
rks-and-standards-3  | ✓ | ⏱: 0.14s 
[COMPLETE] ● 
https://www.unepfi.org/publications/accountabili...ssment-and-disclosure-framewo
rks-and-standards-3  | ✓ | ⏱: 20.72s 
[FETCH]... ↓ https://www.unepfi.org/publications/ceo-briefing-on-human-rights   
| ✓ | ⏱: 20.71s 
[SCRAPE].. ◆ https://www.unepfi.org/publications/ceo-briefing-on-human-rights   
| ✓ | ⏱: 0.04s 
[COMPLETE] ● https://www.unepfi.org/publications/ceo-briefing-on-human-rights   
| ✓ | ⏱: 20.75s 
[FETCH]... ↓ 
https://www.unepfi.org/publications/accountabili...sessment-and-disclosure-frame
works-and-standards  | ✓ | ⏱: 20.76s 
[SCRAPE].. ◆ 
https://www.unepfi.org/publications/accountabili...sessment-and-disclosure-frame
works-and-standards  | ✓ | ⏱: 0.04s 
[COMPLETE] ● 
https://www.unepfi.org/publications/accountabili...sessment-and-disclosure-frame
works-and-standards  | ✓ | ⏱: 20.81s 
[FETCH]... ↓ 
https://www.unepfi.org/publications/addressing-c...-owners-long-term-interests-a
nd-responsibilities  | ✓ | ⏱: 20.80s 
[SCRAPE].. ◆ 
https://www.unepfi.org/publications/addressing-c...-owners-long-term-interests-a
nd-responsibilities  | ✓ | ⏱: 0.04s 
[COMPLETE] ● 
https://www.unepfi.org/publications/addressing-c...-owners-long-term-interests-a
nd-responsibilities  | ✓ | ⏱: 20.84s 
[FETCH]... ↓ 
https://www.unepfi.org/publications/driving-finance-for-sustainable-food-systems
| ✓ | ⏱: 20.81s 
[SCRAPE].. ◆ 
https://www.unepfi.org/publications/driving-finance-for-sustainable-food-systems
| ✓ | ⏱: 0.04s 
[COMPLETE] ● 
https://www.unepfi.org/publications/driving-finance-for-sustainable-food-systems
| ✓ | ⏱: 20.85s 
[FETCH]... ↓ 
https://www.unepfi.org/publications/g20-recommen...ng-a-nature-positive-economy-
and-just-transition  | ✓ | ⏱: 20.79s 
[SCRAPE].. ◆ 
https://www.unepfi.org/publications/g20-recommen...ng-a-nature-positive-economy-
and-just-transition  | ✓ | ⏱: 0.04s 
[COMPLETE] ● 
https://www.unepfi.org/publications/g20-recommen...ng-a-nature-positive-economy-
and-just-transition  | ✓ | ⏱: 20.83s 
[FETCH]... ↓ 
https://www.unepfi.org/publications/are-you-ready-for-nature-related-disclosures
| ✓ | ⏱: 20.90s 
[SCRAPE].. ◆ 
https://www.unepfi.org/publications/are-you-ready-for-nature-related-disclosures
| ✓ | ⏱: 0.04s 
[COMPLETE] ● 
https://www.unepfi.org/publications/are-you-ready-for-nature-related-disclosures
| ✓ | ⏱: 20.94s 
[FETCH]... ↓ 
https://www.unepfi.org/publications/high-level-r...e-kunming-montreal-global-bio
diversity-framework  | ✓ | ⏱: 8.96s 
[SCRAPE].. ◆ 
https://www.unepfi.org/publications/high-level-r...e-kunming-montreal-global-bio
diversity-framework  | ✓ | ⏱: 0.04s 
[COMPLETE] ● 
https://www.unepfi.org/publications/high-level-r...e-kunming-montreal-global-bio
diversity-framework  | ✓ | ⏱: 9.00s 
[FETCH]... ↓ 
https://www.unepfi.org/publications/how-to-get-t...net-a-discussion-paper-on-car
bon-dioxide-removal  | ✓ | ⏱: 9.17s 
[SCRAPE].. ◆ 
https://www.unepfi.org/publications/how-to-get-t...net-a-discussion-paper-on-car
bon-dioxide-removal  | ✓ | ⏱: 0.04s 
[COMPLETE] ● 
https://www.unepfi.org/publications/how-to-get-t...net-a-discussion-paper-on-car
bon-dioxide-removal  | ✓ | ⏱: 9.20s 
[FETCH]... ↓ 
https://www.unepfi.org/publications/finance-for-nature-positive-discussion-paper
| ✓ | ⏱: 21.07s 
[SCRAPE].. ◆ 
https://www.unepfi.org/publications/finance-for-nature-positive-discussion-paper
| ✓ | ⏱: 0.04s 
[COMPLETE] ● 
https://www.unepfi.org/publications/finance-for-nature-positive-discussion-paper
| ✓ | ⏱: 21.10s 
[FETCH]... ↓ 
https://www.unepfi.org/publications/insurance-pu...s-of-plastic-pollution-to-the
-insurance-industry  | ✓ | ⏱: 5.36s 
[SCRAPE].. ◆ 
https://www.unepfi.org/publications/insurance-pu...s-of-plastic-pollution-to-the
-insurance-industry  | ✓ | ⏱: 0.04s 
[COMPLETE] ● 
https://www.unepfi.org/publications/insurance-pu...s-of-plastic-pollution-to-the
-insurance-industry  | ✓ | ⏱: 5.41s 
[FETCH]... ↓ 
https://www.unepfi.org/publications/investing-in...al-challenges-and-the-bottom-
line-summary-report  | ✓ | ⏱: 4.49s 
[SCRAPE].. ◆ 
https://www.unepfi.org/publications/investing-in...al-challenges-and-the-bottom-
line-summary-report  | ✓ | ⏱: 0.04s 
[COMPLETE] ● 
https://www.unepfi.org/publications/investing-in...al-challenges-and-the-bottom-
line-summary-report  | ✓ | ⏱: 4.53s 
[FETCH]... ↓ 
https://www.unepfi.org/publications/la-taxonomia-de-finanzas-sostenibles-de-pana
ma                   | ✓ | ⏱: 5.16s 
[SCRAPE].. ◆ 
https://www.unepfi.org/publications/la-taxonomia-de-finanzas-sostenibles-de-pana
ma                   | ✓ | ⏱: 0.30s 
[COMPLETE] ● 
https://www.unepfi.org/publications/la-taxonomia-de-finanzas-sostenibles-de-pana
ma                   | ✓ | ⏱: 5.71s 
[FETCH]... ↓ https://www.unepfi.org/publications/rising-tide                    
| ✓ | ⏱: 6.07s 
[SCRAPE].. ◆ https://www.unepfi.org/publications/rising-tide                    
| ✓ | ⏱: 0.21s 
[COMPLETE] ● https://www.unepfi.org/publications/rising-tide                    
| ✓ | ⏱: 6.31s 
[FETCH]... ↓ 
https://www.unepfi.org/publications/principles-for-taxonomy-interoperability    
| ✓ | ⏱: 6.40s 
[SCRAPE].. ◆ 
https://www.unepfi.org/publications/principles-for-taxonomy-interoperability    
| ✓ | ⏱: 0.15s 
[COMPLETE] ● 
https://www.unepfi.org/publications/principles-for-taxonomy-interoperability    
| ✓ | ⏱: 6.57s 
[FETCH]... ↓ 
https://www.unepfi.org/publications/new-nature-positive-finance-guidance        
| ✓ | ⏱: 7.04s 
[SCRAPE].. ◆ 
https://www.unepfi.org/publications/new-nature-positive-finance-guidance        
| ✓ | ⏱: 0.06s 
[COMPLETE] ● 
https://www.unepfi.org/publications/new-nature-positive-finance-guidance        
| ✓ | ⏱: 7.10s 
[FETCH]... ↓ 
https://www.unepfi.org/publications/testing-a-na...ed-risk-framework-in-the-cons
umer-staples-sector  | ✓ | ⏱: 7.10s 
[SCRAPE].. ◆ 
https://www.unepfi.org/publications/testing-a-na...ed-risk-framework-in-the-cons
umer-staples-sector  | ✓ | ⏱: 0.03s 
[COMPLETE] ● 
https://www.unepfi.org/publications/testing-a-na...ed-risk-framework-in-the-cons
umer-staples-sector  | ✓ | ⏱: 7.14s 
[FETCH]... ↓ 
https://www.unepfi.org/publications/target-setting-protocol-second-edition      
| ✓ | ⏱: 7.14s 
[SCRAPE].. ◆ 
https://www.unepfi.org/publications/target-setting-protocol-second-edition      
| ✓ | ⏱: 0.05s 
[COMPLETE] ● 
https://www.unepfi.org/publications/target-setting-protocol-second-edition      
| ✓ | ⏱: 7.19s 
[FETCH]... ↓ 
https://www.unepfi.org/publications/nature-based-risk-assessment-integrating-pro
ject-related-finance | ✓ | ⏱: 7.38s 
[SCRAPE].. ◆ 
https://www.unepfi.org/publications/nature-based-risk-assessment-integrating-pro
ject-related-finance | ✓ | ⏱: 0.04s 
[COMPLETE] ● 
https://www.unepfi.org/publications/nature-based-risk-assessment-integrating-pro
ject-related-finance | ✓ | ⏱: 7.42s 
[FETCH]... ↓ 
https://www.unepfi.org/publications/nature-relat...advancing-equity-to-halt-and-
reverse-nature-loss  | ✓ | ⏱: 7.48s 
[SCRAPE].. ◆ 
https://www.unepfi.org/publications/nature-relat...advancing-equity-to-halt-and-
reverse-nature-loss  | ✓ | ⏱: 0.09s 
[COMPLETE] ● 
https://www.unepfi.org/publications/nature-relat...advancing-equity-to-halt-and-
reverse-nature-loss  | ✓ | ⏱: 7.58s 
[FETCH]... ↓ 
https://www.unepfi.org/publications/tnfd-financial-market-readiness-report      
| ✓ | ⏱: 7.58s 
[SCRAPE].. ◆ 
https://www.unepfi.org/publications/tnfd-financial-market-readiness-report      
| ✓ | ⏱: 0.07s 
[COMPLETE] ● 
https://www.unepfi.org/publications/tnfd-financial-market-readiness-report      
| ✓ | ⏱: 7.66s 
[FETCH]... ↓ 
https://www.unepfi.org/publications/taxonomia-de-finanzas-sostenibles-de-costa-r
ica                  | ✓ | ⏱: 7.66s 
[SCRAPE].. ◆ 
https://www.unepfi.org/publications/taxonomia-de-finanzas-sostenibles-de-costa-r
ica                  | ✓ | ⏱: 0.06s 
[COMPLETE] ● 
https://www.unepfi.org/publications/taxonomia-de-finanzas-sostenibles-de-costa-r
ica                  | ✓ | ⏱: 7.73s 
[FETCH]... ↓ 
https://www.unepfi.org/publications/redirecting-financial-flows-to-end-plastic-p
ollution             | ✓ | ⏱: 7.74s 
[SCRAPE].. ◆ 
https://www.unepfi.org/publications/redirecting-financial-flows-to-end-plastic-p
ollution             | ✓ | ⏱: 0.04s 
[COMPLETE] ● 
https://www.unepfi.org/publications/redirecting-financial-flows-to-end-plastic-p
ollution             | ✓ | ⏱: 7.78s 
[FETCH]... ↓ 
https://www.unepfi.org/publications/setting-sail-target-setting-in-the-sustainab
le-blue-economy      | ✓ | ⏱: 7.53s 
[SCRAPE].. ◆ 
https://www.unepfi.org/publications/setting-sail-target-setting-in-the-sustainab
le-blue-economy      | ✓ | ⏱: 0.08s 
[COMPLETE] ● 
https://www.unepfi.org/publications/setting-sail-target-setting-in-the-sustainab
le-blue-economy      | ✓ | ⏱: 7.67s 
[FETCH]... ↓ https://www.unepfi.org/publications/ocean-investment-protocol      
| ✓ | ⏱: 7.86s 
[SCRAPE].. ◆ https://www.unepfi.org/publications/ocean-investment-protocol      
| ✓ | ⏱: 0.04s 
[COMPLETE] ● https://www.unepfi.org/publications/ocean-investment-protocol      
| ✓ | ⏱: 7.91s 
[FETCH]... ↓ 
https://www.unepfi.org/publications/prioritising...disclosures-considerations-fo
r-high-risk-sectors  | ✓ | ⏱: 7.91s 
[SCRAPE].. ◆ 
https://www.unepfi.org/publications/prioritising...disclosures-considerations-fo
r-high-risk-sectors  | ✓ | ⏱: 0.03s 
[COMPLETE] ● 
https://www.unepfi.org/publications/prioritising...disclosures-considerations-fo
r-high-risk-sectors  | ✓ | ⏱: 7.95s 
[FETCH]... ↓ 
https://www.unepfi.org/publications/investing-in...rkets-and-the-bottom-line-wor
kshop-report-london  | ✓ | ⏱: 7.95s 
[SCRAPE].. ◆ 
https://www.unepfi.org/publications/investing-in...rkets-and-the-bottom-line-wor
kshop-report-london  | ✓ | ⏱: 0.04s 
[COMPLETE] ● 
https://www.unepfi.org/publications/investing-in...rkets-and-the-bottom-line-wor
kshop-report-london  | ✓ | ⏱: 7.99s 
[FETCH]... ↓ https://www.unepfi.org/publications/nature-in-the-boardroom        
| ✓ | ⏱: 8.42s 
[SCRAPE].. ◆ https://www.unepfi.org/publications/nature-in-the-boardroom        
| ✓ | ⏱: 0.04s 
[COMPLETE] ● https://www.unepfi.org/publications/nature-in-the-boardroom        
| ✓ | ⏱: 8.47s 
[FETCH]... ↓ 
https://www.unepfi.org/publications/investing-in...nflict-risk-markets-and-the-b
ottom-line-brochure  | ✓ | ⏱: 8.88s 
[SCRAPE].. ◆ 
https://www.unepfi.org/publications/investing-in...nflict-risk-markets-and-the-b
ottom-line-brochure  | ✓ | ⏱: 0.04s 
[COMPLETE] ● 
https://www.unepfi.org/publications/investing-in...nflict-risk-markets-and-the-b
ottom-line-brochure  | ✓ | ⏱: 8.92s 
[FETCH]... ↓ 
https://www.unepfi.org/publications/transitioning-the-eu-chemical-sector        
| ✓ | ⏱: 8.21s 
[SCRAPE].. ◆ 
https://www.unepfi.org/publications/transitioning-the-eu-chemical-sector        
| ✓ | ⏱: 0.04s 
[COMPLETE] ● 
https://www.unepfi.org/publications/transitioning-the-eu-chemical-sector        
| ✓ | ⏱: 8.25s 
[FETCH]... ↓ 
https://www.unepfi.org/publications/nature-in-a-...lic-nature-related-data-in-di
sclosure-frameworks  | ✓ | ⏱: 10.59s 
[SCRAPE].. ◆ 
https://www.unepfi.org/publications/nature-in-a-...lic-nature-related-data-in-di
sclosure-frameworks  | ✓ | ⏱: 0.03s 
[COMPLETE] ● 
https://www.unepfi.org/publications/nature-in-a-...lic-nature-related-data-in-di
sclosure-frameworks  | ✓ | ⏱: 10.62s 
[FETCH]... ↓ https://www.unepfi.org/publications/turning-the-tide               
| ✓ | ⏱: 3.82s 
[SCRAPE].. ◆ https://www.unepfi.org/publications/turning-the-tide               
| ✓ | ⏱: 0.04s 
[COMPLETE] ● https://www.unepfi.org/publications/turning-the-tide               
| ✓ | ⏱: 3.86s 
[FETCH]... ↓ 
https://www.unepfi.org/publications/transformational-finance-for-climate-unlocki
ng-systemic-effects  | ✓ | ⏱: 8.07s 
[SCRAPE].. ◆ 
https://www.unepfi.org/publications/transformational-finance-for-climate-unlocki
ng-systemic-effects  | ✓ | ⏱: 0.03s 
[COMPLETE] ● 
https://www.unepfi.org/publications/transformational-finance-for-climate-unlocki
ng-systemic-effects  | ✓ | ⏱: 8.10s 
[FETCH]... ↓ 
https://www.unepfi.org/regions/latin-america-car...ce-taxonomies-in-latin-americ
a-and-the-caribbean  | ✓ | ⏱: 3.22s 
[SCRAPE].. ◆ 
https://www.unepfi.org/regions/latin-america-car...ce-taxonomies-in-latin-americ
a-and-the-caribbean  | ✓ | ⏱: 0.04s 
[COMPLETE] ● 
https://www.unepfi.org/regions/latin-america-car...ce-taxonomies-in-latin-americ
a-and-the-caribbean  | ✓ | ⏱: 3.26s 
[FETCH]... ↓ 
https://www.unepfi.org/regions/europe/eu-sustainable_transport-investment-plan-a
ction                | ✓ | ⏱: 3.27s 
[SCRAPE].. ◆ 
https://www.unepfi.org/regions/europe/eu-sustainable_transport-investment-plan-a
ction                | ✓ | ⏱: 0.04s 
[COMPLETE] ● 
https://www.unepfi.org/regions/europe/eu-sustainable_transport-investment-plan-a
ction                | ✓ | ⏱: 3.31s 
[FETCH]... ↓ 
https://www.unepfi.org/regions/asia-pacific/whats-behind-the-growth-of-chinas-gr
een-finance-sector   | ✓ | ⏱: 3.82s 
[SCRAPE].. ◆ 
https://www.unepfi.org/regions/asia-pacific/whats-behind-the-growth-of-chinas-gr
een-finance-sector   | ✓ | ⏱: 0.04s 
[COMPLETE] ● 
https://www.unepfi.org/regions/asia-pacific/whats-behind-the-growth-of-chinas-gr
een-finance-sector   | ✓ | ⏱: 3.86s 
[FETCH]... ↓ 
https://www.unepfi.org/regions/asia-pacific/clim...-in-financial-regulation-and-
supervision-in-apac  | ✓ | ⏱: 4.75s 
[SCRAPE].. ◆ 
https://www.unepfi.org/regions/asia-pacific/clim...-in-financial-regulation-and-
supervision-in-apac  | ✓ | ⏱: 0.04s 
[COMPLETE] ● 
https://www.unepfi.org/regions/asia-pacific/clim...-in-financial-regulation-and-
supervision-in-apac  | ✓ | ⏱: 4.79s 
[FETCH]... ↓ 
https://www.unepfi.org/regions/asia-pacific/webi...stainability-reporting-standa
rds-in-asia-pacific  | ✓ | ⏱: 5.53s 
[SCRAPE].. ◆ 
https://www.unepfi.org/regions/asia-pacific/webi...stainability-reporting-standa
rds-in-asia-pacific  | ✓ | ⏱: 0.03s 
[COMPLETE] ● 
https://www.unepfi.org/regions/asia-pacific/webi...stainability-reporting-standa
rds-in-asia-pacific  | ✓ | ⏱: 5.57s 
[FETCH]... ↓ 
https://www.unepfi.org/regions/asia-pacific/sust...xonomies-in-asean-towards-reg
ional-harmonization  | ✓ | ⏱: 5.37s 
[SCRAPE].. ◆ 
https://www.unepfi.org/regions/asia-pacific/sust...xonomies-in-asean-towards-reg
ional-harmonization  | ✓ | ⏱: 0.06s 
[COMPLETE] ● 
https://www.unepfi.org/regions/asia-pacific/sust...xonomies-in-asean-towards-reg
ional-harmonization  | ✓ | ⏱: 5.45s 
[FETCH]... ↓ 
https://www.unepfi.org/publications/white-paper-principles-approaches-adaptation
-resilience-guide    | ✓ | ⏱: 5.63s 
[SCRAPE].. ◆ 
https://www.unepfi.org/publications/white-paper-principles-approaches-adaptation
-resilience-guide    | ✓ | ⏱: 0.12s 
[COMPLETE] ● 
https://www.unepfi.org/publications/white-paper-principles-approaches-adaptation
-resilience-guide    | ✓ | ⏱: 5.76s 
[FETCH]... ↓ 
https://www.unepfi.org/supporting-institutions/https:/fma.org.ma/en/home        
| ✓ | ⏱: 4.07s 
[SCRAPE].. ◆ 
https://www.unepfi.org/supporting-institutions/https:/fma.org.ma/en/home        
| ✓ | ⏱: 0.09s 
[COMPLETE] ● 
https://www.unepfi.org/supporting-institutions/https:/fma.org.ma/en/home        
| ✓ | ⏱: 4.16s 
[FETCH]... ↓ 
https://www.unepfi.org/regions/asia-pacific/greening-the-chinese-banking-system 
| ✓ | ⏱: 6.73s 
[SCRAPE].. ◆ 
https://www.unepfi.org/regions/asia-pacific/greening-the-chinese-banking-system 
| ✓ | ⏱: 0.08s 
[COMPLETE] ● 
https://www.unepfi.org/regions/asia-pacific/greening-the-chinese-banking-system 
| ✓ | ⏱: 6.81s 
[FETCH]... ↓ https://www.unepfi.org/responsible-banking-blueprint               
| ✓ | ⏱: 7.24s 
[SCRAPE].. ◆ https://www.unepfi.org/responsible-banking-blueprint               
| ✓ | ⏱: 0.05s 
[COMPLETE] ● https://www.unepfi.org/responsible-banking-blueprint               
| ✓ | ⏱: 7.29s 
[FETCH]... ↓ 
https://www.unepfi.org/publications/unlocking-ci...the-caribbean-the-catalyst-fo
r-a-positive-change  | ✓ | ⏱: 7.70s 
[SCRAPE].. ◆ 
https://www.unepfi.org/publications/unlocking-ci...the-caribbean-the-catalyst-fo
r-a-positive-change  | ✓ | ⏱: 0.16s 
[COMPLETE] ● 
https://www.unepfi.org/publications/unlocking-ci...the-caribbean-the-catalyst-fo
r-a-positive-change  | ✓ | ⏱: 7.87s 
[FETCH]... ↓ 
https://www.unepfi.org/publications/unep-fi-pilots-in-support-of-tnfd           
| ✓ | ⏱: 8.14s 
[SCRAPE].. ◆ 
https://www.unepfi.org/publications/unep-fi-pilots-in-support-of-tnfd           
| ✓ | ⏱: 0.05s 
[COMPLETE] ● 
https://www.unepfi.org/publications/unep-fi-pilots-in-support-of-tnfd           
| ✓ | ⏱: 8.19s 
[FETCH]... ↓ 
https://www.unepfi.org/publications/unlocking-circular-economy-financing-from-vi
sion-to-action       | ✓ | ⏱: 8.24s 
[SCRAPE].. ◆ 
https://www.unepfi.org/publications/unlocking-circular-economy-financing-from-vi
sion-to-action       | ✓ | ⏱: 0.04s 
[COMPLETE] ● 
https://www.unepfi.org/publications/unlocking-circular-economy-financing-from-vi
sion-to-action       | ✓ | ⏱: 8.27s 
[FETCH]... ↓ 
https://www.unepfi.org/regions/asia-pacific/asia-pacific-regional-roundtable-202
5                    | ✓ | ⏱: 8.46s 
[SCRAPE].. ◆ 
https://www.unepfi.org/regions/asia-pacific/asia-pacific-regional-roundtable-202
5                    | ✓ | ⏱: 0.16s 
[COMPLETE] ● 
https://www.unepfi.org/regions/asia-pacific/asia-pacific-regional-roundtable-202
5                    | ✓ | ⏱: 8.63s 
[FETCH]... ↓ 
https://www.unepfi.org/publications/turning-the-tide-recommended-exclusions     
| ✓ | ⏱: 8.97s 
[SCRAPE].. ◆ 
https://www.unepfi.org/publications/turning-the-tide-recommended-exclusions     
| ✓ | ⏱: 0.30s 
[COMPLETE] ● 
https://www.unepfi.org/publications/turning-the-tide-recommended-exclusions     
| ✓ | ⏱: 9.29s 
[FETCH]... ↓ 
https://www.unepfi.org/risk-centre-2025-2026-advanced-research-programme        
| ✓ | ⏱: 10.15s 
[SCRAPE].. ◆ 
https://www.unepfi.org/risk-centre-2025-2026-advanced-research-programme        
| ✓ | ⏱: 0.14s 
[COMPLETE] ● 
https://www.unepfi.org/risk-centre-2025-2026-advanced-research-programme        
| ✓ | ⏱: 10.35s 
[FETCH]... ↓ 
https://www.unepfi.org/publications/unboxing-nat...hts-from-the-unep-fi-led-tnfd
-piloting-programme  | ✓ | ⏱: 11.80s 
[SCRAPE].. ◆ 
https://www.unepfi.org/publications/unboxing-nat...hts-from-the-unep-fi-led-tnfd
-piloting-programme  | ✓ | ⏱: 0.07s 
[COMPLETE] ● 
https://www.unepfi.org/publications/unboxing-nat...hts-from-the-unep-fi-led-tnfd
-piloting-programme  | ✓ | ⏱: 11.87s 
[FETCH]... ↓ https://www.unepfi.org/supporting-institutions/www.kfb.or.kr       
| ✓ | ⏱: 7.86s 
[SCRAPE].. ◆ https://www.unepfi.org/supporting-institutions/www.kfb.or.kr       
| ✓ | ⏱: 0.07s 
[COMPLETE] ● https://www.unepfi.org/supporting-institutions/www.kfb.or.kr       
| ✓ | ⏱: 7.95s 
[FETCH]... ↓ 
https://www.unepfi.org/supporting-institutions/www.themontrealgroup.org         
| ✓ | ⏱: 7.76s 
[SCRAPE].. ◆ 
https://www.unepfi.org/supporting-institutions/www.themontrealgroup.org         
| ✓ | ⏱: 0.05s 
[COMPLETE] ● 
https://www.unepfi.org/supporting-institutions/www.themontrealgroup.org         
| ✓ | ⏱: 7.82s 
[FETCH]... ↓ https://www.unepfi.org/supporting-institutions/www.asfi.org.au     
| ✓ | ⏱: 7.26s 
[SCRAPE].. ◆ https://www.unepfi.org/supporting-institutions/www.asfi.org.au     
| ✓ | ⏱: 0.06s 
[COMPLETE] ● https://www.unepfi.org/supporting-institutions/www.asfi.org.au     
| ✓ | ⏱: 7.33s 
[FETCH]... ↓ https://www.unepfi.org/risk-centre/risk-centre-members-area        
| ✓ | ⏱: 10.50s 
[SCRAPE].. ◆ https://www.unepfi.org/risk-centre/risk-centre-members-area        
| ✓ | ⏱: 0.07s 
[COMPLETE] ● https://www.unepfi.org/risk-centre/risk-centre-members-area        
| ✓ | ⏱: 10.58s 
[FETCH]... ↓ https://www.unepfi.org/social-issues/contact                       
| ✓ | ⏱: 10.70s 
[SCRAPE].. ◆ https://www.unepfi.org/social-issues/contact                       
| ✓ | ⏱: 0.06s 
[COMPLETE] ● https://www.unepfi.org/social-issues/contact                       
| ✓ | ⏱: 10.77s 
[FETCH]... ↓ https://www.unepfi.org/risk-centre/resources                       
| ✓ | ⏱: 10.74s 
[SCRAPE].. ◆ https://www.unepfi.org/risk-centre/resources                       
| ✓ | ⏱: 0.07s 
[COMPLETE] ● https://www.unepfi.org/risk-centre/resources                       
| ✓ | ⏱: 10.82s 
[FETCH]... ↓ 
https://www.unepfi.org/the-v20-sustainable-insurance-facility/contact-us        
| ✓ | ⏱: 7.90s 
[SCRAPE].. ◆ 
https://www.unepfi.org/the-v20-sustainable-insurance-facility/contact-us        
| ✓ | ⏱: 0.02s 
[COMPLETE] ● 
https://www.unepfi.org/the-v20-sustainable-insurance-facility/contact-us        
| ✓ | ⏱: 7.92s 
[FETCH]... ↓ 
https://www.unepfi.org/the-v20-sustainable-insurance-facility/100-banks-initiati
ve                   | ✓ | ⏱: 7.58s 
[SCRAPE].. ◆ 
https://www.unepfi.org/the-v20-sustainable-insurance-facility/100-banks-initiati
ve                   | ✓ | ⏱: 0.01s 
[COMPLETE] ● 
https://www.unepfi.org/the-v20-sustainable-insurance-facility/100-banks-initiati
ve                   | ✓ | ⏱: 7.59s 
[FETCH]... ↓ 
https://www.unepfi.org/the-v20-sustainable-insurance-facility/v20faqs           
| ✓ | ⏱: 6.82s 
[SCRAPE].. ◆ 
https://www.unepfi.org/the-v20-sustainable-insurance-facility/v20faqs           
| ✓ | ⏱: 0.12s 
[COMPLETE] ● 
https://www.unepfi.org/the-v20-sustainable-insurance-facility/v20faqs           
| ✓ | ⏱: 6.95s 
[FETCH]... ↓ 
https://www.unepfi.org/the-v20-sustainable-insurance-facility/landscape-study   
| ✓ | ⏱: 8.17s 
[SCRAPE].. ◆ 
https://www.unepfi.org/the-v20-sustainable-insurance-facility/landscape-study   
| ✓ | ⏱: 0.03s 
[COMPLETE] ● 
https://www.unepfi.org/the-v20-sustainable-insurance-facility/landscape-study   
| ✓ | ⏱: 8.28s 
[FETCH]... ↓ 
https://www.unepfi.org/the-v20-sustainable-insurance-facility/latest-updates-fro
m-the-v20-sif        | ✓ | ⏱: 7.29s 
[SCRAPE].. ◆ 
https://www.unepfi.org/the-v20-sustainable-insurance-facility/latest-updates-fro
m-the-v20-sif        | ✓ | ⏱: 0.02s 
[COMPLETE] ● 
https://www.unepfi.org/the-v20-sustainable-insurance-facility/latest-updates-fro
m-the-v20-sif        | ✓ | ⏱: 7.32s 
[FETCH]... ↓ 
https://www.unepfi.org/themes/climate-change/2023-climate-risk-landscape        
| ✓ | ⏱: 6.57s 
[SCRAPE].. ◆ 
https://www.unepfi.org/themes/climate-change/2023-climate-risk-landscape        
| ✓ | ⏱: 0.06s 
[COMPLETE] ● 
https://www.unepfi.org/themes/climate-change/2023-climate-risk-landscape        
| ✓ | ⏱: 6.63s 
[FETCH]... ↓ 
https://www.unepfi.org/themes/climate-change/2023-climate-risk-landscape-technic
al-supplement        | ✓ | ⏱: 7.29s 
[SCRAPE].. ◆ 
https://www.unepfi.org/themes/climate-change/2023-climate-risk-landscape-technic
al-supplement        | ✓ | ⏱: 0.12s 
[COMPLETE] ● 
https://www.unepfi.org/themes/climate-change/2023-climate-risk-landscape-technic
al-supplement        | ✓ | ⏱: 7.42s 
[FETCH]... ↓ 
https://www.unepfi.org/themes/climate-change/2024-climate-risk-landscape        
| ✓ | ⏱: 6.88s 
[SCRAPE].. ◆ 
https://www.unepfi.org/themes/climate-change/2024-climate-risk-landscape        
| ✓ | ⏱: 0.06s 
[COMPLETE] ● 
https://www.unepfi.org/themes/climate-change/2024-climate-risk-landscape        
| ✓ | ⏱: 6.94s 
[FETCH]... ↓ 
https://www.unepfi.org/themes/climate-change/a-c...eview-of-global-supervisory-c
limate-stress-tests  | ✓ | ⏱: 5.78s 
[SCRAPE].. ◆ 
https://www.unepfi.org/themes/climate-change/a-c...eview-of-global-supervisory-c
limate-stress-tests  | ✓ | ⏱: 0.05s 
[COMPLETE] ● 
https://www.unepfi.org/themes/climate-change/a-c...eview-of-global-supervisory-c
limate-stress-tests  | ✓ | ⏱: 5.83s 
[FETCH]... ↓ 
https://www.unepfi.org/themes/climate-change/a-j...uidance-for-banks-and-insurer
s-launched-at-cop30  | ✓ | ⏱: 6.90s 
[SCRAPE].. ◆ 
https://www.unepfi.org/themes/climate-change/a-j...uidance-for-banks-and-insurer
s-launched-at-cop30  | ✓ | ⏱: 0.07s 
[COMPLETE] ● 
https://www.unepfi.org/themes/climate-change/a-j...uidance-for-banks-and-insurer
s-launched-at-cop30  | ✓ | ⏱: 6.98s 
[FETCH]... ↓ 
https://www.unepfi.org/themes/climate-change/ass...thodologies-and-roles-for-fin
ancial-institutions  | ✓ | ⏱: 6.33s 
[SCRAPE].. ◆ 
https://www.unepfi.org/themes/climate-change/ass...thodologies-and-roles-for-fin
ancial-institutions  | ✓ | ⏱: 0.06s 
[COMPLETE] ● 
https://www.unepfi.org/themes/climate-change/ass...thodologies-and-roles-for-fin
ancial-institutions  | ✓ | ⏱: 6.40s 
[FETCH]... ↓ 
https://www.unepfi.org/themes/climate-change/bri...ment-methodologies-insights-f
rom-a-global-survey  | ✓ | ⏱: 6.71s 
[SCRAPE].. ◆ 
https://www.unepfi.org/themes/climate-change/bri...ment-methodologies-insights-f
rom-a-global-survey  | ✓ | ⏱: 0.03s 
[COMPLETE] ● 
https://www.unepfi.org/themes/climate-change/bri...ment-methodologies-insights-f
rom-a-global-survey  | ✓ | ⏱: 6.75s 
[FETCH]... ↓ 
https://www.unepfi.org/themes/climate-change/cop...-for-climate-human-rights-and
-the-finance-sector  | ✓ | ⏱: 5.76s 
[SCRAPE].. ◆ 
https://www.unepfi.org/themes/climate-change/cop...-for-climate-human-rights-and
-the-finance-sector  | ✓ | ⏱: 0.04s 
[COMPLETE] ● 
https://www.unepfi.org/themes/climate-change/cop...-for-climate-human-rights-and
-the-finance-sector  | ✓ | ⏱: 5.81s 
[FETCH]... ↓ 
https://www.unepfi.org/themes/climate-change/climate-risks-in-the-transportation
-sector              | ✓ | ⏱: 6.28s 
[SCRAPE].. ◆ 
https://www.unepfi.org/themes/climate-change/climate-risks-in-the-transportation
-sector              | ✓ | ⏱: 0.04s 
[COMPLETE] ● 
https://www.unepfi.org/themes/climate-change/climate-risks-in-the-transportation
-sector              | ✓ | ⏱: 6.32s 
[FETCH]... ↓ 
https://www.unepfi.org/themes/climate-change/climate-risks-in-the-metals-and-min
ing-sector           | ✓ | ⏱: 6.40s 
[SCRAPE].. ◆ 
https://www.unepfi.org/themes/climate-change/climate-risks-in-the-metals-and-min
ing-sector           | ✓ | ⏱: 0.03s 
[COMPLETE] ● 
https://www.unepfi.org/themes/climate-change/climate-risks-in-the-metals-and-min
ing-sector           | ✓ | ⏱: 6.44s 
[FETCH]... ↓ 
https://www.unepfi.org/themes/climate-change/climate-risks-in-the-real-estate-se
ctor                 | ✓ | ⏱: 6.90s 
[SCRAPE].. ◆ 
https://www.unepfi.org/themes/climate-change/climate-risks-in-the-real-estate-se
ctor                 | ✓ | ⏱: 0.04s 
[COMPLETE] ● 
https://www.unepfi.org/themes/climate-change/climate-risks-in-the-real-estate-se
ctor                 | ✓ | ⏱: 6.95s 
[FETCH]... ↓ 
https://www.unepfi.org/themes/climate-change/climate-risks-in-the-oil-and-gas-se
ctor                 | ✓ | ⏱: 7.04s 
[SCRAPE].. ◆ 
https://www.unepfi.org/themes/climate-change/climate-risks-in-the-oil-and-gas-se
ctor                 | ✓ | ⏱: 0.03s 
[COMPLETE] ● 
https://www.unepfi.org/themes/climate-change/climate-risks-in-the-oil-and-gas-se
ctor                 | ✓ | ⏱: 7.07s 
[FETCH]... ↓ 
https://www.unepfi.org/themes/climate-change/climate-risks-in-the-power-generati
on-sector            | ✓ | ⏱: 7.47s 
[SCRAPE].. ◆ 
https://www.unepfi.org/themes/climate-change/climate-risks-in-the-power-generati
on-sector            | ✓ | ⏱: 0.03s 
[COMPLETE] ● 
https://www.unepfi.org/themes/climate-change/climate-risks-in-the-power-generati
on-sector            | ✓ | ⏱: 7.50s 
[FETCH]... ↓ 
https://www.unepfi.org/themes/climate-change/cos...-to-strengthen-its-sustainabl
e-finance-framework  | ✓ | ⏱: 8.39s 
[SCRAPE].. ◆ 
https://www.unepfi.org/themes/climate-change/cos...-to-strengthen-its-sustainabl
e-finance-framework  | ✓ | ⏱: 0.25s 
[COMPLETE] ● 
https://www.unepfi.org/themes/climate-change/cos...-to-strengthen-its-sustainabl
e-finance-framework  | ✓ | ⏱: 8.65s 
[FETCH]... ↓ 
https://www.unepfi.org/themes/climate-change/climate-risks-in-the-industrials-se
ctor                 | ✓ | ⏱: 9.07s 
[SCRAPE].. ◆ 
https://www.unepfi.org/themes/climate-change/climate-risks-in-the-industrials-se
ctor                 | ✓ | ⏱: 0.10s 
[COMPLETE] ● 
https://www.unepfi.org/themes/climate-change/climate-risks-in-the-industrials-se
ctor                 | ✓ | ⏱: 9.18s 
[FETCH]... ↓ 
https://www.unepfi.org/themes/climate-change/climate-risks-in-the-agriculture-se
ctor                 | ✓ | ⏱: 9.18s 
[SCRAPE].. ◆ 
https://www.unepfi.org/themes/climate-change/climate-risks-in-the-agriculture-se
ctor                 | ✓ | ⏱: 0.05s 
[COMPLETE] ● 
https://www.unepfi.org/themes/climate-change/climate-risks-in-the-agriculture-se
ctor                 | ✓ | ⏱: 9.23s 
[FETCH]... ↓ 
https://www.unepfi.org/themes/climate-change/climate-stress-testing-methodologie
s-for-banks          | ✓ | ⏱: 9.10s 
[SCRAPE].. ◆ 
https://www.unepfi.org/themes/climate-change/climate-stress-testing-methodologie
s-for-banks          | ✓ | ⏱: 0.18s 
[COMPLETE] ● 
https://www.unepfi.org/themes/climate-change/climate-stress-testing-methodologie
s-for-banks          | ✓ | ⏱: 9.29s 
[FETCH]... ↓ 
https://www.unepfi.org/themes/climate-change/fin...ture-the-case-for-bold-public
-and-private-action  | ✓ | ⏱: 8.47s 
[SCRAPE].. ◆ 
https://www.unepfi.org/themes/climate-change/fin...ture-the-case-for-bold-public
-and-private-action  | ✓ | ⏱: 0.18s 
[COMPLETE] ● 
https://www.unepfi.org/themes/climate-change/fin...ture-the-case-for-bold-public
-and-private-action  | ✓ | ⏱: 8.66s 
[FETCH]... ↓ 
https://www.unepfi.org/themes/climate-change/fin...l-caribe-hoja-de-ruta-para-ba
ncos-y-aseguradoras  | ✓ | ⏱: 10.59s 
[SCRAPE].. ◆ 
https://www.unepfi.org/themes/climate-change/fin...l-caribe-hoja-de-ruta-para-ba
ncos-y-aseguradoras  | ✓ | ⏱: 0.40s 
[COMPLETE] ● 
https://www.unepfi.org/themes/climate-change/fin...l-caribe-hoja-de-ruta-para-ba
ncos-y-aseguradoras  | ✓ | ⏱: 11.03s 
[FETCH]... ↓ 
https://www.unepfi.org/themes/climate-change/eco...climate-related-shocks-with-m
acroeconomic-models  | ✓ | ⏱: 10.98s 
[SCRAPE].. ◆ 
https://www.unepfi.org/themes/climate-change/eco...climate-related-shocks-with-m
acroeconomic-models  | ✓ | ⏱: 0.41s 
[COMPLETE] ● 
https://www.unepfi.org/themes/climate-change/eco...climate-related-shocks-with-m
acroeconomic-models  | ✓ | ⏱: 11.41s 
[FETCH]... ↓ 
https://www.unepfi.org/themes/climate-change/how...itting-to-transparent-reporti
ng-of-ghg-emissions  | ✓ | ⏱: 10.32s 
[SCRAPE].. ◆ 
https://www.unepfi.org/themes/climate-change/how...itting-to-transparent-reporti
ng-of-ghg-emissions  | ✓ | ⏱: 0.08s 
[COMPLETE] ● 
https://www.unepfi.org/themes/climate-change/how...itting-to-transparent-reporti
ng-of-ghg-emissions  | ✓ | ⏱: 10.41s 
[FETCH]... ↓ 
https://www.unepfi.org/themes/climate-change/how...ering-investments-required-fo
r-a-just-transition  | ✓ | ⏱: 10.29s 
[SCRAPE].. ◆ 
https://www.unepfi.org/themes/climate-change/how...ering-investments-required-fo
r-a-just-transition  | ✓ | ⏱: 0.07s 
[COMPLETE] ● 
https://www.unepfi.org/themes/climate-change/how...ering-investments-required-fo
r-a-just-transition  | ✓ | ⏱: 10.37s 
[FETCH]... ↓ 
https://www.unepfi.org/themes/climate-change/eme...s-and-best-practices-for-clim
ate-risk-disclosure  | ✓ | ⏱: 11.20s 
[SCRAPE].. ◆ 
https://www.unepfi.org/themes/climate-change/eme...s-and-best-practices-for-clim
ate-risk-disclosure  | ✓ | ⏱: 0.12s 
[COMPLETE] ● 
https://www.unepfi.org/themes/climate-change/eme...s-and-best-practices-for-clim
ate-risk-disclosure  | ✓ | ⏱: 11.33s 
[FETCH]... ↓ 
https://www.unepfi.org/themes/climate-change/how...lions-for-climate-action-nzec
a-is-paving-the-way  | ✓ | ⏱: 10.35s 
[SCRAPE].. ◆ 
https://www.unepfi.org/themes/climate-change/how...lions-for-climate-action-nzec
a-is-paving-the-way  | ✓ | ⏱: 0.36s 
[COMPLETE] ● 
https://www.unepfi.org/themes/climate-change/how...lions-for-climate-action-nzec
a-is-paving-the-way  | ✓ | ⏱: 10.71s 
[FETCH]... ↓ 
https://www.unepfi.org/themes/climate-change/how...ction-on-net-zero-establishin
g-near-term-targets  | ✓ | ⏱: 10.76s 
[SCRAPE].. ◆ 
https://www.unepfi.org/themes/climate-change/how...ction-on-net-zero-establishin
g-near-term-targets  | ✓ | ⏱: 0.18s 
[COMPLETE] ● 
https://www.unepfi.org/themes/climate-change/how...ction-on-net-zero-establishin
g-near-term-targets  | ✓ | ⏱: 10.97s 
[FETCH]... ↓ 
https://www.unepfi.org/themes/climate-change/how...o-requiring-neutralisation-of
-residual-emissions  | ✓ | ⏱: 8.95s 
[SCRAPE].. ◆ 
https://www.unepfi.org/themes/climate-change/how...o-requiring-neutralisation-of
-residual-emissions  | ✓ | ⏱: 0.07s 
[COMPLETE] ● 
https://www.unepfi.org/themes/climate-change/how...o-requiring-neutralisation-of
-residual-emissions  | ✓ | ⏱: 9.03s 
[FETCH]... ↓ 
https://www.unepfi.org/themes/climate-change/how...-zero-establishing-an-appropr
iate-emission-scope  | ✓ | ⏱: 11.00s 
[SCRAPE].. ◆ 
https://www.unepfi.org/themes/climate-change/how...-zero-establishing-an-appropr
iate-emission-scope  | ✓ | ⏱: 0.08s 
[COMPLETE] ● 
https://www.unepfi.org/themes/climate-change/how...-zero-establishing-an-appropr
iate-emission-scope  | ✓ | ⏱: 11.08s 
[ERROR]... × https://www.unepfi.org/...countries-climate-plans  | Error: 
Unexpected error in _crawl_web at line 718 in _crawl_web 
(../.pyenv/versions/3.10.13/lib/python3.10/site-packages/crawl4ai/async_crawler_
strategy.py):
Error: Failed on navigating ACS-GOTO:
Page.goto: net::ERR_TIMED_OUT at 
https://www.unepfi.org/themes/climate-change/on-the-road-to-cop30-finding-invest
ment-opportunities-in-countries-climate-plans
Call log:
  - navigating to 
"https://www.unepfi.org/themes/climate-change/on-the-road-to-cop30-finding-inves
tment-opportunities-in-countries-climate-plans", waiting until 
"domcontentloaded"


Code context:
 713                                   tag="GOTO",
 714                                   params={"url": url},
 715                               )
 716                               response = None
 717                           else:
 718 →                             raise RuntimeError(f"Failed on navigating 
ACS-GOTO:\n{str(e)}")
 719   
 720                       # 
──────────────────────────────────────────────────────────────
 721                       # Walk the redirect chain.  Playwright returns only 
the last
 722                       # hop, so we trace the `request.redirected_from` 
links until the
 723                       # first response that differs from the final one and 
surface its 
[FETCH]... ↓ 
https://www.unepfi.org/themes/climate-change/how...nsparency-on-sustainable-prod
ucts-classification  | ✓ | ⏱: 9.18s 
[SCRAPE].. ◆ 
https://www.unepfi.org/themes/climate-change/how...nsparency-on-sustainable-prod
ucts-classification  | ✓ | ⏱: 0.10s 
[COMPLETE] ● 
https://www.unepfi.org/themes/climate-change/how...nsparency-on-sustainable-prod
ucts-classification  | ✓ | ⏱: 9.29s 
[FETCH]... ↓ 
https://www.unepfi.org/themes/climate-change/how...ion-on-net-zero-striving-for-
real-economy-impact  | ✓ | ⏱: 7.57s 
[SCRAPE].. ◆ 
https://www.unepfi.org/themes/climate-change/how...ion-on-net-zero-striving-for-
real-economy-impact  | ✓ | ⏱: 0.08s 
[COMPLETE] ● 
https://www.unepfi.org/themes/climate-change/how...ion-on-net-zero-striving-for-
real-economy-impact  | ✓ | ⏱: 7.66s 
[FETCH]... ↓ 
https://www.unepfi.org/themes/climate-change/how...t-zero-identifying-unique-pur
pose-implementation  | ✓ | ⏱: 8.71s 
[SCRAPE].. ◆ 
https://www.unepfi.org/themes/climate-change/how...t-zero-identifying-unique-pur
pose-implementation  | ✓ | ⏱: 0.09s 
[COMPLETE] ● 
https://www.unepfi.org/themes/climate-change/how...t-zero-identifying-unique-pur
pose-implementation  | ✓ | ⏱: 8.81s 
[FETCH]... ↓ 
https://www.unepfi.org/themes/climate-change/how...of-scenarios-metrics-targets-
and-annual-progress  | ✓ | ⏱: 6.88s 
[SCRAPE].. ◆ 
https://www.unepfi.org/themes/climate-change/how...of-scenarios-metrics-targets-
and-annual-progress  | ✓ | ⏱: 0.07s 
[COMPLETE] ● 
https://www.unepfi.org/themes/climate-change/how...of-scenarios-metrics-targets-
and-annual-progress  | ✓ | ⏱: 6.97s 
[FETCH]... ↓ 
https://www.unepfi.org/themes/climate-change/man...hysical-climate-related-risks
-in-loan-portfolios  | ✓ | ⏱: 7.17s 
[SCRAPE].. ◆ 
https://www.unepfi.org/themes/climate-change/man...hysical-climate-related-risks
-in-loan-portfolios  | ✓ | ⏱: 0.05s 
[COMPLETE] ● 
https://www.unepfi.org/themes/climate-change/man...hysical-climate-related-risks
-in-loan-portfolios  | ✓ | ⏱: 7.23s 
[FETCH]... ↓ 
https://www.unepfi.org/themes/climate-change/man...real-estate-aligning-to-the-p
aris-climate-accord  | ✓ | ⏱: 7.32s 
[SCRAPE].. ◆ 
https://www.unepfi.org/themes/climate-change/man...real-estate-aligning-to-the-p
aris-climate-accord  | ✓ | ⏱: 0.09s 
[COMPLETE] ● 
https://www.unepfi.org/themes/climate-change/man...real-estate-aligning-to-the-p
aris-climate-accord  | ✓ | ⏱: 7.41s 
[FETCH]... ↓ 
https://www.unepfi.org/themes/climate-change/net...ions-reductions-and-climate-f
inance-developments  | ✓ | ⏱: 7.42s 
[SCRAPE].. ◆ 
https://www.unepfi.org/themes/climate-change/net...ions-reductions-and-climate-f
inance-developments  | ✓ | ⏱: 0.07s 
[COMPLETE] ● 
https://www.unepfi.org/themes/climate-change/net...ions-reductions-and-climate-f
inance-developments  | ✓ | ⏱: 7.50s 
[FETCH]... ↓ 
https://www.unepfi.org/themes/climate-change/new...ith-financial-risks-from-trip
le-planetary-crisis  | ✓ | ⏱: 7.47s 
[SCRAPE].. ◆ 
https://www.unepfi.org/themes/climate-change/new...ith-financial-risks-from-trip
le-planetary-crisis  | ✓ | ⏱: 0.04s 
[COMPLETE] ● 
https://www.unepfi.org/themes/climate-change/new...ith-financial-risks-from-trip
le-planetary-crisis  | ✓ | ⏱: 7.52s 
[FETCH]... ↓ 
https://www.unepfi.org/themes/climate-change/panama-to-strengthen-its-sustainabl
e-finance-framework  | ✓ | ⏱: 6.81s 
[SCRAPE].. ◆ 
https://www.unepfi.org/themes/climate-change/panama-to-strengthen-its-sustainabl
e-finance-framework  | ✓ | ⏱: 0.07s 
[COMPLETE] ● 
https://www.unepfi.org/themes/climate-change/panama-to-strengthen-its-sustainabl
e-finance-framework  | ✓ | ⏱: 6.89s 
[FETCH]... ↓ https://www.unepfi.org/themes/climate-change/physically-fit        
| ✓ | ⏱: 5.28s 
[SCRAPE].. ◆ https://www.unepfi.org/themes/climate-change/physically-fit        
| ✓ | ⏱: 0.04s 
[COMPLETE] ● https://www.unepfi.org/themes/climate-change/physically-fit        
| ✓ | ⏱: 5.33s 
[FETCH]... ↓ 
https://www.unepfi.org/themes/climate-change/rec...net-zero-commitments-from-fin
ancial-institutions  | ✓ | ⏱: 3.85s 
[SCRAPE].. ◆ 
https://www.unepfi.org/themes/climate-change/rec...net-zero-commitments-from-fin
ancial-institutions  | ✓ | ⏱: 0.03s 
[COMPLETE] ● 
https://www.unepfi.org/themes/climate-change/rec...net-zero-commitments-from-fin
ancial-institutions  | ✓ | ⏱: 3.89s 
[FETCH]... ↓ 
https://www.unepfi.org/themes/climate-change/rec...and-criteria-of-the-science-b
ased-1-5c-scenarios  | ✓ | ⏱: 3.74s 
[SCRAPE].. ◆ 
https://www.unepfi.org/themes/climate-change/rec...and-criteria-of-the-science-b
ased-1-5c-scenarios  | ✓ | ⏱: 0.04s 
[COMPLETE] ● 
https://www.unepfi.org/themes/climate-change/rec...and-criteria-of-the-science-b
ased-1-5c-scenarios  | ✓ | ⏱: 3.78s 
[FETCH]... ↓ 
https://www.unepfi.org/themes/ecosystems/action-...e-what-can-financial-institut
ions-expect-in-2026  | ✓ | ⏱: 4.00s 
[SCRAPE].. ◆ 
https://www.unepfi.org/themes/ecosystems/action-...e-what-can-financial-institut
ions-expect-in-2026  | ✓ | ⏱: 0.03s 
[COMPLETE] ● 
https://www.unepfi.org/themes/ecosystems/action-...e-what-can-financial-institut
ions-expect-in-2026  | ✓ | ⏱: 4.04s 
[FETCH]... ↓ https://www.unepfi.org/themes/climate-change/unep-fi-at-cop30      
| ✓ | ⏱: 4.21s 
[SCRAPE].. ◆ https://www.unepfi.org/themes/climate-change/unep-fi-at-cop30      
| ✓ | ⏱: 0.04s 
[COMPLETE] ● https://www.unepfi.org/themes/climate-change/unep-fi-at-cop30      
| ✓ | ⏱: 4.26s 
[FETCH]... ↓ 
https://www.unepfi.org/themes/demonstrating-1-5c-aligned-decarbonisation-the-fou
rth-progress-report  | ✓ | ⏱: 4.27s 
[SCRAPE].. ◆ 
https://www.unepfi.org/themes/demonstrating-1-5c-aligned-decarbonisation-the-fou
rth-progress-report  | ✓ | ⏱: 0.03s 
[COMPLETE] ● 
https://www.unepfi.org/themes/demonstrating-1-5c-aligned-decarbonisation-the-fou
rth-progress-report  | ✓ | ⏱: 4.31s 
[FETCH]... ↓ 
https://www.unepfi.org/themes/climate-change/roa...sks-and-opportunities-for-fin
ancial-institutions  | ✓ | ⏱: 4.37s 
[SCRAPE].. ◆ 
https://www.unepfi.org/themes/climate-change/roa...sks-and-opportunities-for-fin
ancial-institutions  | ✓ | ⏱: 0.04s 
[COMPLETE] ● 
https://www.unepfi.org/themes/climate-change/roa...sks-and-opportunities-for-fin
ancial-institutions  | ✓ | ⏱: 4.41s 
[FETCH]... ↓ 
https://www.unepfi.org/themes/climate-change/vie...ate-risks-and-best-practices-
for-tcfd-disclosure  | ✓ | ⏱: 4.74s 
[SCRAPE].. ◆ 
https://www.unepfi.org/themes/climate-change/vie...ate-risks-and-best-practices-
for-tcfd-disclosure  | ✓ | ⏱: 0.03s 
[COMPLETE] ● 
https://www.unepfi.org/themes/climate-change/vie...ate-risks-and-best-practices-
for-tcfd-disclosure  | ✓ | ⏱: 4.78s 
[FETCH]... ↓ 
https://www.unepfi.org/themes/climate-change/the-climate-risk-tool-landscape-202
2-supplement         | ✓ | ⏱: 4.70s 
[SCRAPE].. ◆ 
https://www.unepfi.org/themes/climate-change/the-climate-risk-tool-landscape-202
2-supplement         | ✓ | ⏱: 0.04s 
[COMPLETE] ● 
https://www.unepfi.org/themes/climate-change/the-climate-risk-tool-landscape-202
2-supplement         | ✓ | ⏱: 4.74s 
[FETCH]... ↓ 
https://www.unepfi.org/themes/climate-change/the...l-role-of-open-source-and-neu
tral-data-platforms  | ✓ | ⏱: 5.15s 
[SCRAPE].. ◆ 
https://www.unepfi.org/themes/climate-change/the...l-role-of-open-source-and-neu
tral-data-platforms  | ✓ | ⏱: 0.05s 
[COMPLETE] ● 
https://www.unepfi.org/themes/climate-change/the...l-role-of-open-source-and-neu
tral-data-platforms  | ✓ | ⏱: 5.21s 
[FETCH]... ↓ 
https://www.unepfi.org/wordpress/wp-content/uploads/2022/07/AOA-COMMITMENT-DOC-2
022.pdf              | ✓ | ⏱: 3.24s 
[SCRAPE].. ◆ 
https://www.unepfi.org/wordpress/wp-content/uploads/2022/07/AOA-COMMITMENT-DOC-2
022.pdf              | ✓ | ⏱: 0.00s 
[COMPLETE] ● 
https://www.unepfi.org/wordpress/wp-content/uploads/2022/07/AOA-COMMITMENT-DOC-2
022.pdf              | ✓ | ⏱: 3.24s 
[FETCH]... ↓ 
https://www.unepfi.org/wordpress/wp-content/uploads/2020/12/UNEP-FI-Impact-Analy
sis-Tools-About.pdf  | ✓ | ⏱: 3.27s 
[SCRAPE].. ◆ 
https://www.unepfi.org/wordpress/wp-content/uploads/2020/12/UNEP-FI-Impact-Analy
sis-Tools-About.pdf  | ✓ | ⏱: 0.00s 
[COMPLETE] ● 
https://www.unepfi.org/wordpress/wp-content/uploads/2020/12/UNEP-FI-Impact-Analy
sis-Tools-About.pdf  | ✓ | ⏱: 3.28s 
[FETCH]... ↓ 
https://www.unepfi.org/wordpress/wp-content/uploads/2017/01/POSITIVE-IMPACT-PRIN
CIPLES-AW-WEB.pdf    | ✓ | ⏱: 4.01s 
[SCRAPE].. ◆ 
https://www.unepfi.org/wordpress/wp-content/uploads/2017/01/POSITIVE-IMPACT-PRIN
CIPLES-AW-WEB.pdf    | ✓ | ⏱: 0.00s 
[COMPLETE] ● 
https://www.unepfi.org/wordpress/wp-content/uploads/2017/01/POSITIVE-IMPACT-PRIN
CIPLES-AW-WEB.pdf    | ✓ | ⏱: 4.02s 
[FETCH]... ↓ 
https://www.unepfi.org/themes/climate-change/sus...ement-insights-from-climate-f
ocused-case-studies  | ✓ | ⏱: 6.18s 
[SCRAPE].. ◆ 
https://www.unepfi.org/themes/climate-change/sus...ement-insights-from-climate-f
ocused-case-studies  | ✓ | ⏱: 0.04s 
[COMPLETE] ● 
https://www.unepfi.org/themes/climate-change/sus...ement-insights-from-climate-f
ocused-case-studies  | ✓ | ⏱: 6.23s 
[FETCH]... ↓ 
https://www.unepfi.org/themes/climate-change/the...-and-what-it-means-for-the-gl
obal-finance-sector  | ✓ | ⏱: 6.23s 
[SCRAPE].. ◆ 
https://www.unepfi.org/themes/climate-change/the...-and-what-it-means-for-the-gl
obal-finance-sector  | ✓ | ⏱: 0.06s 
[COMPLETE] ● 
https://www.unepfi.org/themes/climate-change/the...-and-what-it-means-for-the-gl
obal-finance-sector  | ✓ | ⏱: 6.30s 
[FETCH]... ↓ 
https://www.unepfi.org/themes/climate-change/sce...rt-term-scenario-narratives-b
y-unep-fi-and-niesr  | ✓ | ⏱: 6.32s 
[SCRAPE].. ◆ 
https://www.unepfi.org/themes/climate-change/sce...rt-term-scenario-narratives-b
y-unep-fi-and-niesr  | ✓ | ⏱: 0.04s 
[COMPLETE] ● 
https://www.unepfi.org/themes/climate-change/sce...rt-term-scenario-narratives-b
y-unep-fi-and-niesr  | ✓ | ⏱: 6.36s 
[FETCH]... ↓ 
https://www.unepfi.org/wordpress/wp-content/uplo...anagement-Toolkit-PRB-Impleme
ntation-Webinar.pdf  | ✓ | ⏱: 3.75s 
[SCRAPE].. ◆ 
https://www.unepfi.org/wordpress/wp-content/uplo...anagement-Toolkit-PRB-Impleme
ntation-Webinar.pdf  | ✓ | ⏱: 0.00s 
[COMPLETE] ● 
https://www.unepfi.org/wordpress/wp-content/uplo...anagement-Toolkit-PRB-Impleme
ntation-Webinar.pdf  | ✓ | ⏱: 3.76s 
[FETCH]... ↓ 
https://www.unepfi.org/themes/climate-change/rec...h-science-based-no-low-oversh
oot-1-5-c-scenarios  | ✓ | ⏱: 6.59s 
[SCRAPE].. ◆ 
https://www.unepfi.org/themes/climate-change/rec...h-science-based-no-low-oversh
oot-1-5-c-scenarios  | ✓ | ⏱: 0.04s 
[COMPLETE] ● 
https://www.unepfi.org/themes/climate-change/rec...h-science-based-no-low-oversh
oot-1-5-c-scenarios  | ✓ | ⏱: 6.63s 
[FETCH]... ↓ 
https://www.unepfi.org/wordpress/wp-content/uplo...P-FI-CoP_ToR_Healthy-and-incl
usive-economies.pdf  | ✓ | ⏱: 2.30s 
[SCRAPE].. ◆ 
https://www.unepfi.org/wordpress/wp-content/uplo...P-FI-CoP_ToR_Healthy-and-incl
usive-economies.pdf  | ✓ | ⏱: 0.00s 
[COMPLETE] ● 
https://www.unepfi.org/wordpress/wp-content/uplo...P-FI-CoP_ToR_Healthy-and-incl
usive-economies.pdf  | ✓ | ⏱: 2.31s 
[FETCH]... ↓ 
https://www.unepfi.org/themes/climate-change/ste...-board-level-climate-dashboar
ds-for-banks-report  | ✓ | ⏱: 7.77s 
[SCRAPE].. ◆ 
https://www.unepfi.org/themes/climate-change/ste...-board-level-climate-dashboar
ds-for-banks-report  | ✓ | ⏱: 0.23s 
[COMPLETE] ● 
https://www.unepfi.org/themes/climate-change/ste...-board-level-climate-dashboar
ds-for-banks-report  | ✓ | ⏱: 8.01s 
[FETCH]... ↓ 
https://www.unepfi.org/wordpress/wp-content/uploads/2024/04/NZAOA-TSP-Background
-Doc-2024.pdf        | ✓ | ⏱: 3.29s 
[SCRAPE].. ◆ 
https://www.unepfi.org/wordpress/wp-content/uploads/2024/04/NZAOA-TSP-Background
-Doc-2024.pdf        | ✓ | ⏱: 0.01s 
[COMPLETE] ● 
https://www.unepfi.org/wordpress/wp-content/uploads/2024/04/NZAOA-TSP-Background
-Doc-2024.pdf        | ✓ | ⏱: 3.31s 
[FETCH]... ↓ 
https://www.unepfi.org/wordpress/wp-content/uplo...er-Unlocking-Circular-Economy
-Finance-in-LAC.png  | ✓ | ⏱: 5.26s 
[SCRAPE].. ◆ 
https://www.unepfi.org/wordpress/wp-content/uplo...er-Unlocking-Circular-Economy
-Finance-in-LAC.png  | ✓ | ⏱: 0.01s 
[COMPLETE] ● 
https://www.unepfi.org/wordpress/wp-content/uplo...er-Unlocking-Circular-Economy
-Finance-in-LAC.png  | ✓ | ⏱: 5.27s 
[FETCH]... ↓ 
https://www.unepfi.org/wordpress/wp-content/uploads/2025/06/ToR-UNEP-FI-HR-Commu
nity-of-Practice.pdf | ✓ | ⏱: 3.01s 
[SCRAPE].. ◆ 
https://www.unepfi.org/wordpress/wp-content/uploads/2025/06/ToR-UNEP-FI-HR-Commu
nity-of-Practice.pdf | ✓ | ⏱: 0.00s 
[COMPLETE] ● 
https://www.unepfi.org/wordpress/wp-content/uploads/2025/06/ToR-UNEP-FI-HR-Commu
nity-of-Practice.pdf | ✓ | ⏱: 3.01s 
[FETCH]... ↓ 
https://www.unepfi.org/wordpress/wp-content/uploads/2025/11/Resilience-Framework
.png                 | ✓ | ⏱: 3.03s 
[SCRAPE].. ◆ 
https://www.unepfi.org/wordpress/wp-content/uploads/2025/11/Resilience-Framework
.png                 | ✓ | ⏱: 0.00s 
[COMPLETE] ● 
https://www.unepfi.org/wordpress/wp-content/uploads/2025/11/Resilience-Framework
.png                 | ✓ | ⏱: 3.03s 
[FETCH]... ↓ 
https://www.unepfi.org/wordpress/wp-content/uploads/2025/11/Resilience-Challenge
-statement.png       | ✓ | ⏱: 3.45s 
[SCRAPE].. ◆ 
https://www.unepfi.org/wordpress/wp-content/uploads/2025/11/Resilience-Challenge
-statement.png       | ✓ | ⏱: 0.00s 
[COMPLETE] ● 
https://www.unepfi.org/wordpress/wp-content/uploads/2025/11/Resilience-Challenge
-statement.png       | ✓ | ⏱: 3.46s 
[FETCH]... ↓ 
https://www.unepfi.org/wordpress/wp-content/uplo...e-Guidance-and-Case-Studies-f
or-consultation.pdf  | ✓ | ⏱: 2.77s 
[SCRAPE].. ◆ 
https://www.unepfi.org/wordpress/wp-content/uplo...e-Guidance-and-Case-Studies-f
or-consultation.pdf  | ✓ | ⏱: 0.00s 
[COMPLETE] ● 
https://www.unepfi.org/wordpress/wp-content/uplo...e-Guidance-and-Case-Studies-f
or-consultation.pdf  | ✓ | ⏱: 2.77s 
[FETCH]... ↓ 
https://www.unepfi.org/themes/net-zero-asset-own...ce-position-paper-on-governme
ntal-carbon-pricing  | ✓ | ⏱: 8.09s 
[SCRAPE].. ◆ 
https://www.unepfi.org/themes/net-zero-asset-own...ce-position-paper-on-governme
ntal-carbon-pricing  | ✓ | ⏱: 0.05s 
[COMPLETE] ● 
https://www.unepfi.org/themes/net-zero-asset-own...ce-position-paper-on-governme
ntal-carbon-pricing  | ✓ | ⏱: 8.14s 
[FETCH]... ↓ 
https://www.unepfi.org/themes/nzaoa-call-to-action-to-the-asset-management-indus
try                  | ✓ | ⏱: 6.90s 
[SCRAPE].. ◆ 
https://www.unepfi.org/themes/nzaoa-call-to-action-to-the-asset-management-indus
try                  | ✓ | ⏱: 0.04s 
[COMPLETE] ● 
https://www.unepfi.org/themes/nzaoa-call-to-action-to-the-asset-management-indus
try                  | ✓ | ⏱: 6.94s 
[FETCH]... ↓ https://www.unepfi.org/wordpress/wp-admin/upload.php               
| ✓ | ⏱: 6.98s 
[SCRAPE].. ◆ https://www.unepfi.org/wordpress/wp-admin/upload.php               
| ✓ | ⏱: 0.00s 
[COMPLETE] ● https://www.unepfi.org/wordpress/wp-admin/upload.php               
| ✓ | ⏱: 6.99s 
[FETCH]... ↓ https://www.unepfi.org?download_id=79929&sdm_process_download=1    
| ✓ | ⏱: 1.28s 
[SCRAPE].. ◆ https://www.unepfi.org?download_id=79929&sdm_process_download=1    
| ✓ | ⏱: 0.00s 
[COMPLETE] ● https://www.unepfi.org?download_id=79929&sdm_process_download=1    
| ✓ | ⏱: 1.29s 
[FETCH]... ↓ https://www.unepfi.org?ca[]=337&ca[]=14                            
| ✓ | ⏱: 3.72s 
[SCRAPE].. ◆ https://www.unepfi.org?ca[]=337&ca[]=14                            
| ✓ | ⏱: 0.04s 
[COMPLETE] ● https://www.unepfi.org?ca[]=337&ca[]=14                            
| ✓ | ⏱: 3.76s 
[FETCH]... ↓ https://www.unepfi.org?p=84145&preview=true                        
| ✓ | ⏱: 3.86s 
[SCRAPE].. ◆ https://www.unepfi.org?p=84145&preview=true                        
| ✓ | ⏱: 0.06s 
[COMPLETE] ● https://www.unepfi.org?p=84145&preview=true                        
| ✓ | ⏱: 3.92s 
  Saved: 000_www.unepfi.org_learning-and-development-for-finance-professionals.md (1217 words)
  SKIP (failed): https://www.unepfi.org/climate-change
  SKIP (failed): https://www.unepfi.org/about/about-us/history
  SKIP (failed): https://www.unepfi.org/about/structure/global-steering-committee
  SKIP (failed): https://www.unepfi.org/banking/governance/banking-board
  SKIP (failed): https://www.unepfi.org/about
  SKIP (failed): https://www.unepfi.org/forum-for-insurance-transition-to-net-zero
  SKIP (failed): https://www.unepfi.org/about/structure
  SKIP (failed): https://www.unepfi.org/banking/bankingprinciples
  SKIP (failed): https://www.unepfi.org/climate-change/net-zero-export-credit-agencies
  SKIP (failed): https://www.unepfi.org/about/30-years-of-unep-fi
  SKIP (failed): https://www.unepfi.org/about/contact
  SKIP (failed): https://www.unepfi.org/about/structure/leadership-council
  SKIP (failed): https://www.unepfi.org/blue-finance
  SKIP (failed): https://www.unepfi.org/impact
  SKIP (failed): https://www.unepfi.org/banking/bankingprinciples/prb-academy
  SKIP (failed): https://www.unepfi.org/about/employment
  SKIP (failed): https://www.unepfi.org/about/structure/secretariat
  Saved: 018_www.unepfi.org_extranet.md (1000 words)
  Saved: 019_www.unepfi.org.md (2383 words)
  Saved: 020_www.unepfi.org_impact_impact-management-platform.md (1411 words)
  Saved: 021_www.unepfi.org_impact_impact-protocol.md (1637 words)
  Saved: 022_www.unepfi.org_investment.md (1664 words)
  Saved: 023_www.unepfi.org_legal-framework-for-impact.md (685 words)
  Saved: 024_www.unepfi.org_nature_food-systems.md (1566 words)
  Saved: 025_www.unepfi.org_industries_tackling-hidden-emissions-for-a-net-zero-transition.md (1257 words)
  Saved: 026_www.unepfi.org_nature.md (3227 words)
  Saved: 027_www.unepfi.org_insurance_psi-board.md (1311 words)
  Saved: 028_www.unepfi.org_insurance_insurance_projects.md (1803 words)
  Saved: 029_www.unepfi.org_industries_banking_impact-protocol.md (1252 words)
  Saved: 030_www.unepfi.org_insurance.md (2986 words)
  Saved: 031_www.unepfi.org_net-zero-alliance.md (1492 words)
  Saved: 032_www.unepfi.org_industries_banking_responsible-banking-priorities-and-blueprint-for-a-sustainable-future.md (1671 words)
  Saved: 033_www.unepfi.org_impact_unep-fi-impact-analysis-tools.md (1494 words)
  Saved: 034_www.unepfi.org_industries_target-setting-protocol-fourth-edition.md (1429 words)
  Saved: 035_www.unepfi.org_net-zero-banking.md (2472 words)
  Saved: 036_www.unepfi.org_members.md (1572 words)
  Saved: 037_www.unepfi.org_learning-and-development-for-finance-professionals.md (1217 words)
  Saved: 038_www.unepfi.org_membership.md (1888 words)
  Saved: 039_www.unepfi.org_news_remembering-richard-hansen-our-humble-high-flyer.md (1385 words)
  Saved: 040_www.unepfi.org_news_regional-roundtables-on-sustainable-finance-2025.md (1235 words)
  Saved: 041_www.unepfi.org_policy-and-regulation.md (2037 words)
  Saved: 042_www.unepfi.org_revenues-for-nature-community-of-practice.md (2096 words)
  Saved: 043_www.unepfi.org_pollution-and-circular-economy_pollution.md (1879 words)
  Saved: 044_www.unepfi.org_policy-and-regulation_regulatory-implementation-support-programme.md (1818 words)
  Saved: 045_www.unepfi.org_social-issues.md (1924 words)
  Saved: 046_www.unepfi.org_pollution-and-circular-economy.md (1885 words)
  Saved: 047_www.unepfi.org_risk-centre.md (2951 words)
  Saved: 048_www.unepfi.org_pollution-and-circular-economy_energy-efficiency.md (1704 words)
  Saved: 049_www.unepfi.org_policy-and-regulation_regional-inititatives.md (1692 words)
  Saved: 050_www.unepfi.org_pollution-and-circular-economy_circular-economy.md (1587 words)
  Saved: 051_www.unepfi.org_regions_europe_unep-fi-to-support-csrd-implementation-by-leveraging-principles-for-responsible-banking-re.md (1579 words)
  Saved: 052_www.unepfi.org_social-issues_financial-health-and-inclusion.md (1429 words)
  Saved: 053_www.unepfi.org_themes_climate-change_turning-point-how-policymakers-can-shift-the-trillions-needed-for-the-net-zero-tran.md (1666 words)
  Saved: 054_www.unepfi.org_the-v20-sustainable-insurance-facility.md (544 words)
  Saved: 055_www.unepfi.org_supporting-institutions.md (1134 words)
  Saved: 056_www.unepfi.org_social-issues_gender.md (1345 words)
  Saved: 057_www.unepfi.org_social-issues_human-rights.md (1297 words)
  Saved: 058_www.unepfi.org_the-investors-resilience-challenge.md (1426 words)
  Saved: 059_www.unepfi.org_social-issues_just-transition.md (1332 words)
  SKIP (failed): http://www.unepfi.org/news/industries/banking/basa-signs-agreement-to-join-unep-fi-as-supporting-institution
  Saved: 061_www.unepfi.org_banking_unep-fi-banking-members-space_implementation-programme_circular-economy-community-of-practice.md (1161 words)
  SKIP (failed): http://www.unepfi.org/news/industries/banking/the-association-of-banks-in-jordan-joins-unep-finance-initiative-as-supporting-institution
  SKIP (failed): https://www.unepfi.org/category/industries/banking/prb/impact-analysis
  SKIP (failed): https://www.unepfi.org/banking/unep-fi-banking-members-space/biodiversity/prb-nature-community
  Saved: 065_www.unepfi.org_banking_bankingprinciples_impact-analysis-guidance-and-tool.md (1620 words)
  SKIP (failed): https://www.unepfi.org/blue-finance/the-principles
  Saved: 067_www.unepfi.org_category_industries.md (1657 words)
  SKIP (failed): https://www.unepfi.org/category/events?ca%5B%5D=475&ca%5B%5D=204&concluded=1
  SKIP (failed): https://www.unepfi.org/banking/bankingprinciples/resources-for-implementation/guidance
  SKIP (failed): http://www.unepfi.org/news/industries/banking/union-of-arab-banks-uab-first-institution-in-the-arab-region-to-join-unep-finance-initiative-as-supporting-institution
  Saved: 071_www.unepfi.org_category_events?ca%5B0%5D=5&concluded=1.md (1517 words)
  Saved: 072_www.unepfi.org_banking_unep-fi-banking-members-space.md (1144 words)
  Saved: 073_www.unepfi.org_category_industries_banking_prb_target-setting.md (1748 words)
  Saved: 074_www.unepfi.org_category_events?ca%5B%5D=19.md (1057 words)
  Saved: 075_www.unepfi.org_banking_initiatives_eu-taxonomy.md (1706 words)
  Saved: 076_www.unepfi.org_banking_unep-fi-banking-members-space_implementation-programme.md (1144 words)
  Saved: 077_www.unepfi.org_category_industries_banking_prb_prb-implementation.md (1322 words)
  Saved: 078_www.unepfi.org_category_events_unepfi-roundtable.md (1084 words)
  Saved: 079_www.unepfi.org_category_industries_banking_prb.md (1883 words)
  Saved: 080_www.unepfi.org_category_news?ca%5B%5D=5.md (1487 words)
  Saved: 081_www.unepfi.org_climate-change_adaptation_adaptation-and-resilience-investors-collaborative.md (1625 words)
  Saved: 082_www.unepfi.org_climate-change_tcfd_tcfd-for-investors.md (1177 words)
  Saved: 083_www.unepfi.org_category_regions_europe.md (1692 words)
  Saved: 084_www.unepfi.org_events_financiamiento-para-la-transicion-justa-en-america-latina-y-el-caribe.md (1279 words)
  Saved: 085_www.unepfi.org_events_regional-roundtable-europe-2025.md (3794 words)
  Saved: 086_www.unepfi.org_category_themes_climate-change_asset-owner-alliance.md (1566 words)
  Saved: 087_www.unepfi.org_category_publications?ca%5B%5D=5.md (1451 words)
  Saved: 088_www.unepfi.org_category_publications?ca%5B%5D=20.md (1538 words)
  Saved: 089_www.unepfi.org_events_new-green-shoots-2026-the-future-is-fungi.md (1172 words)
  Saved: 090_www.unepfi.org_events_unep-fi-global-roundtable-2026.md (1241 words)
  Saved: 091_www.unepfi.org_events_webinar-eu-carbon-border-adjustment-mechanism-insights-for-financial-institutions.md (1169 words)
  Saved: 092_www.unepfi.org_events_leveraging-the-principles-for-responsible-banking-for-csrd-implementation.md (1304 words)
  Saved: 093_www.unepfi.org_events_advancing-the-just-transition-insights-from-emerging-practice-in-banking-and-insurance.md (1172 words)
  Saved: 094_www.unepfi.org_category_themes.md (1650 words)
  Saved: 095_www.unepfi.org_category_publications?ca%5B%5D=475.md (1672 words)
  Saved: 096_www.unepfi.org_events_desarrollos-regulatorios-en-los-planes-de-transicion-para-las-instituciones-financieras-de-alc.md (1262 words)
  Saved: 097_www.unepfi.org_climate-change_tcfd_resources.md (2896 words)
  Saved: 098_www.unepfi.org_events_webinar-environmental-scenario-analysis-with-eba.md (1183 words)
  Saved: 099_www.unepfi.org_events_unep-fi-regional-roundtable-latin-america-caribbean-2025-members-only.md (7273 words)
  Saved: 100_www.unepfi.org_extranet_get-involved_regulatory-implementation-support-programme-calendar.md (1060 words)
  Saved: 101_www.unepfi.org_extranet_get-involved.md (1040 words)
  Saved: 102_www.unepfi.org_extranet_regions_regional-roundtable-on-sustainable-finance-for-north-america-2025.md (1060 words)
  Saved: 103_www.unepfi.org_extranet_get-involved_regulatory-implementation-support-programme-calendar-2.md (1060 words)
  Saved: 104_www.unepfi.org_impact_impact-radar-mappings_impactmappings.md (2132 words)
  Saved: 105_www.unepfi.org_impact_background-on-the-unep-fi-impact-centre.md (1612 words)
  Saved: 106_www.unepfi.org_impact_impact-radar-mappings_impactmappings_sectors-mapping.md (1780 words)
  Saved: 107_www.unepfi.org_impact_contact-us.md (1172 words)
  Saved: 108_www.unepfi.org_impact_impact-radar-mappings_impactmappings_user-guide-to-the-impact-mappings.md (1697 words)
  Saved: 109_www.unepfi.org_impact_impact-radar-mappings.md (1957 words)
  Saved: 110_www.unepfi.org_humanrightstoolkit.md (2711 words)
  Saved: 111_www.unepfi.org_impact_impact-radar-mappings_impactmappings_needs-mapping.md (1916 words)
  Saved: 112_www.unepfi.org_impact_impact-radar-mappings_impactmappings_interlinkages-mapping.md (1899 words)
  Saved: 113_www.unepfi.org_impact_interoperability.md (1211 words)
  Saved: 114_www.unepfi.org_impact_impact-radar-mappings_sdg-mappings.md (1507 words)
  Saved: 115_www.unepfi.org_impact_impact-radar-mappings_indicator-library.md (1627 words)
  Saved: 116_www.unepfi.org_impact_interoperability_european-sustainability-reporting-standards-esrs.md (1520 words)
  Saved: 117_www.unepfi.org_impact_rethinking-impact.md (1986 words)
  Saved: 118_www.unepfi.org_impact_unep-fi-impact-analysis-tools_corporate-impact-tool.md (1700 words)
  Saved: 119_www.unepfi.org_impact_member-implementation-support.md (1351 words)
  Saved: 120_www.unepfi.org_impact_unep-fi-impact-analysis-tools_investment-portfolio-impact-analysis-tool.md (1985 words)
  Saved: 121_www.unepfi.org_impact_opportunities-to-engage.md (1404 words)
  Saved: 122_www.unepfi.org_impact_unep-fi-impact-analysis-tools_real-estate-impact-analysis-tool.md (1976 words)
  Saved: 123_www.unepfi.org_impact_unep-fi-impact-analysis-tools_model-frameworks.md (1227 words)
  Saved: 124_www.unepfi.org_impact_unep-fi-impact-analysis-tools_portfolio-tool.md (2213 words)
  Saved: 125_www.unepfi.org_industries_banking_banking-on-green-buildings.md (1190 words)
  Saved: 126_www.unepfi.org_industries_banking_a-journey-towards-a-sustainable-financial-system-luxembourg-sustainable-finance-roadma.md (1404 words)
  Saved: 127_www.unepfi.org_industries_banking_2024-in-review.md (3027 words)
  Saved: 128_www.unepfi.org_industries_banking_annual-overview-2021.md (1366 words)
  Saved: 129_www.unepfi.org_industries_aligning-climate-policy-engagement-with-net-zero-commitments.md (1293 words)
  Saved: 130_www.unepfi.org_industries_banking_banking-for-decent-work-a-pathway-to-impact.md (1446 words)
  Saved: 131_www.unepfi.org_industries_banking_banks-and-human-rights-a-legal-analysis-2.md (1224 words)
  Saved: 132_www.unepfi.org_industries_banking_2025-in-review-building-resilience-and-advancing-the-transition.md (2740 words)
  Saved: 133_www.unepfi.org_industries_banking_banking-on-nature.md (1290 words)
  Saved: 134_www.unepfi.org_industries_banking_china-embarks-on-a-journey-of-esg-disclosure.md (2023 words)
  Saved: 135_www.unepfi.org_industries_banking_circular-solutions-buildings-and-construction.md (2188 words)
  Saved: 136_www.unepfi.org_industries_banking_circular-economy-enabling-responsible-banking.md (1554 words)
  Saved: 137_www.unepfi.org_industries_banking_new-finance-leadership-group-to-support-development-of-international-agreement-to-end-.md (1421 words)
  Saved: 138_www.unepfi.org_industries_banking_eu-taxonomy-testing-core-banking-products.md (1926 words)
  Saved: 139_www.unepfi.org_industries_banking_just-transition-finance-pathways-for-banking-and-insurance.md (1338 words)
  Saved: 140_www.unepfi.org_industries_banking_gender-equality-guidance.md (1642 words)
  Saved: 141_www.unepfi.org_industries_banking_cop30-responsible-banking-outlook-from-belem.md (1621 words)
  Saved: 142_www.unepfi.org_industries_banking_circular-solutions-to-achieve-climate-targets.md (2188 words)
  Saved: 143_www.unepfi.org_industries_banking_climate-target-setting-and-transition-planning-for-banks-in-the-food-agriculture-secto.md (1241 words)
  Saved: 144_www.unepfi.org_industries_banking_climate-target-setting-for-real-estate-sector-financing.md (1411 words)
  Saved: 145_www.unepfi.org_industries_banking_financial-health-inclusion-guidance.md (1339 words)
  Saved: 146_www.unepfi.org_industries_banking_guidance-on-responsible-policy-engagement.md (1390 words)
  Saved: 147_www.unepfi.org_industries_banking_nature-target-setting-guidance.md (1382 words)
  Saved: 148_www.unepfi.org_industries_banking_guidance-on-resource-efficiency-and-circular-economy-target-setting-version-2.md (1435 words)
  Saved: 149_www.unepfi.org_industries_banking_guidance-on-biodiversity-target-setting.md (1357 words)
  Saved: 150_www.unepfi.org_industries_banking_navigating-pollution-a-blueprint-for-the-banking-sector.md (1532 words)
  Saved: 151_www.unepfi.org_industries_banking_key-takeaways-from-the-unep-fi-leadership-council-meeting-2022.md (1341 words)
  Saved: 152_www.unepfi.org_industries_banking_navigating-nature-policy.md (1488 words)
  Saved: 153_www.unepfi.org_industries_banking_nature-impact-target-setting.md (1493 words)
  Saved: 154_www.unepfi.org_industries_banking_practical-approaches-to-applying-the-eu-taxonomy-to-bank-lending.md (1340 words)
  Saved: 155_www.unepfi.org_industries_banking_commitment-to-financial-health-and-inclusion-summary-report.md (1214 words)
  Saved: 156_www.unepfi.org_industries_banking_client-engagement-on-nature-prototype-tool.md (1258 words)
  Saved: 157_www.unepfi.org_industries_banking_prb-progress-report-shows-sustainability-can-deliver-financial-advantage-to-banks.md (1569 words)
  Saved: 158_www.unepfi.org_industries_banking_principles-for-positive-impact-.md (1115 words)
  Saved: 159_www.unepfi.org_industries_call-to-action-to-governments-to-respond-with-urgency-on-systemic-climate-risk.md (1406 words)
  Saved: 160_www.unepfi.org_industries_banking_transition-planning-emerging-practices-for-banks.md (1146 words)
  Saved: 161_www.unepfi.org_industries_elevating-asset-manager-net-zero-engagement-strategies.md (1277 words)
  Saved: 162_www.unepfi.org_industries_banking_unep-fi-reappointed-as-observer-in-eu-platform-on-sustainable-finance.md (1302 words)
  Saved: 163_www.unepfi.org_industries_guidelines-and-recommendations-for-halting-deforestation.md (1296 words)
  Saved: 164_www.unepfi.org_industries_banking_sector-action-guidance-for-nature.md (1341 words)
  Saved: 165_www.unepfi.org_industries_banking_unep-fi-annual-overview-2024.md (1187 words)
  Saved: 166_www.unepfi.org_industries_insurance_article-insuring-climate-change-and-sustainability-unleasing-innovation-and-intellig.md (1076 words)
  Saved: 167_www.unepfi.org_industries_banking_supporting-policy-engagement-power-generation.md (1139 words)
  Saved: 168_www.unepfi.org_industries_insurance_2013-global-insurance-industry-statement.md (1221 words)
  Saved: 169_www.unepfi.org_industries_insurance_breaking-ground-getting-practical-with-nature-related-assessments-for-insurers.md (1359 words)
  Saved: 170_www.unepfi.org_industries_insurance_a-total-balance-sheet-transition-a-holistic-transition-plan-guide-linking-the-underw.md (1413 words)
  Saved: 171_www.unepfi.org_industries_call-to-action-to-private-market-asset-managers.md (1283 words)
  Saved: 172_www.unepfi.org_industries_development-and-uptake-of-net-zero-aligned-benchmarks-a-call-to-action-for-asset-owners-and-in.md (1298 words)
  Saved: 173_www.unepfi.org_industries_banking_responsible-banking-blueprint.md (1647 words)
  Saved: 174_www.unepfi.org_industries_banking_supporting-policy-engagement-for-banks-real-estate.md (1239 words)
  Saved: 175_www.unepfi.org_industries_banking_the-trillion-dollar-opportunity-the-smart-economics-of-the-energy-transition.md (1993 words)
  Saved: 176_www.unepfi.org_industries_banking_unep-fi-review-2022-and-2023.md (1316 words)
  Saved: 177_www.unepfi.org_industries_insurance_closing-the-protection-gap-in-canada-a-social-sustainability-framework-for-the-canad.md (1254 words)
  Saved: 178_www.unepfi.org_industries_insurance_global-insurance-industry-statement-adapting-to-climate-change-in-developing-countri.md (1399 words)
  Saved: 179_www.unepfi.org_industries_insurance_harnessing-the-full-potential-of-the-insurance-industry-in-disaster-risk-management.md (1225 words)
  Saved: 180_www.unepfi.org_industries_insurance_concept-paper-making-forests-competitive-exploring-insurance-solutions-for-permanenc.md (1221 words)
  Saved: 181_www.unepfi.org_industries_insurance_making-changes-a-learning-journey.md (1214 words)
  Saved: 182_www.unepfi.org_industries_insurance_insuring-the-net-zero-transition-evolving-thinking-and-practices.md (1225 words)
  Saved: 183_www.unepfi.org_industries_insurance_insuring-for-sustainability-why-and-how-the-leaders-are-doing-it.md (1348 words)
  Saved: 184_www.unepfi.org_industries_insurance_business-unusual-why-the-climate-is-changing-the-rules-for-our-cities-and-smes.md (1301 words)
  Saved: 185_www.unepfi.org_industries_insurance_insuring-climate-resilience-2.md (1236 words)
  Saved: 186_www.unepfi.org_industries_insurance_insurance-in-a-changing-risk-landscape-local-lessons-from-the-southern-cape-of-south.md (1364 words)
  Saved: 187_www.unepfi.org_industries_insurance_health-is-our-greatest-wealth-how-life-health-insurers-can-drive-better-health-outco.md (1498 words)
  Saved: 188_www.unepfi.org_industries_insurance_insuring-the-climate-transition.md (1286 words)
  Saved: 189_www.unepfi.org_industries_insurance_insuring-the-climate-transition-in-brazil.md (1633 words)
  Saved: 190_www.unepfi.org_industries_insurance_insuring-a-resilient-nature-positive-future-global-guide-for-insurers-on-setting-pri.md (1523 words)
  Saved: 191_www.unepfi.org_industries_insurance_nature-positive-insurance-evolving-thinking-and-practices.md (1314 words)
  Saved: 192_www.unepfi.org_industries_insurance_managing-environmental-social-and-governance-risks-in-non-life-insurance-business.md (1501 words)
  Saved: 193_www.unepfi.org_industries_insurance_managing-environmental-social-and-governance-risks-in-life-health-insurance-business.md (1288 words)
  Saved: 194_www.unepfi.org_industries_insurance_new-risks-new-opportunities-harnessing-environmental-pollution-liability-insurance-f.md (1326 words)
  Saved: 195_www.unepfi.org_industries_insurance_psi-tcfd-pilot-progress-update.md (1359 words)
  Saved: 196_www.unepfi.org_industries_insurance_nzia-target-setting-protocol-version-1-0.md (1280 words)
  Saved: 197_www.unepfi.org_industries_insurance_psi-working-group-for-nature-launches-new-series-of-guidance-on-nature-related-asses.md (1431 words)
  Saved: 198_www.unepfi.org_industries_insurance_psi-working-group-for-nature-launches-second-report-in-nature-uncovered-for-insurers.md (1297 words)
  Saved: 199_www.unepfi.org_industries_insurance_rooted-in-risk-framing-nature-related-assessments-for-insurers.md (1541 words)
  Saved: 200_www.unepfi.org_industries_insurance_risk-the-environment-and-the-role-of-the-insurance-industry.md (1296 words)
  Saved: 201_www.unepfi.org_industries_investment_policy-engagement-guidelines.md (1219 words)
  Saved: 202_www.unepfi.org_industries_insurance_risk-assessement-and-control-of-illegal-unreported-and-unregulated-fishing-for-the-m.md (1340 words)
  Saved: 203_www.unepfi.org_industries_insurance_the-psi-global-resilience-project-building-disaster-resilient-communities-and-econom.md (1094 words)
  Saved: 204_www.unepfi.org_industries_insurance_the-global-state-of-sustainable-insurance-understanding-and-integrating-environmenta.md (1335 words)
  Saved: 205_www.unepfi.org_industries_insurance_united-for-disaster-resilience.md (1042 words)
  Saved: 206_www.unepfi.org_industries_insurance_underwriting-the-transition-a-deep-dive-transition-plan-guide-for-insurance-and-rein.md (1280 words)
  Saved: 207_www.unepfi.org_industries_insurance_transition-plan-guide.md (1203 words)
  Saved: 208_www.unepfi.org_industries_insurance_the-principles-for-sustainable-insurance.md (1103 words)
  Saved: 209_www.unepfi.org_industries_insurance_un-forum-launches-first-of-its-kind-global-transition-plan-guide-for-insurance-under.md (2277 words)
  Saved: 210_www.unepfi.org_industries_insurance_sustainable-insurance-the-emerging-agenda-for-supervisors-and-regulators.md (1423 words)
  Saved: 211_www.unepfi.org_industries_investment_how-the-nzaoa-is-supporting-the-unlocking-of-1-3-trillion-in-climate-finance.md (1914 words)
  Saved: 212_www.unepfi.org_industries_investment_a-legal-framework-for-impact-summary-report.md (1131 words)
  Saved: 213_www.unepfi.org_industries_investment_scaling-private-capital-mobilization.md (1334 words)
  Saved: 214_www.unepfi.org_industries_investment_increasing-climate-ambition-decreasing-emissions-the-third-progress-report-of-the-n.md (1358 words)
  Saved: 215_www.unepfi.org_industries_urgent-call-to-companies-and-data-providers-for-critical-sector-data.md (1210 words)
  Saved: 216_www.unepfi.org_industries_the-second-progress-report-of-the-net-zero-asset-owner-alliance-advancing-delivery-on-decarbon.md (1372 words)
  Saved: 217_www.unepfi.org_insurance_insurance.md (2986 words)
  Saved: 218_www.unepfi.org_industries_investment_stepping-up-on-biodiversity.md (1185 words)
  Saved: 219_www.unepfi.org_industries_position-on-oil-and-gas-sector.md (1392 words)
  Saved: 220_www.unepfi.org_industries_net-zero-asset-owner-alliance-call-on-policymakers-to-support-scaling-blended-finance.md (1256 words)
  Saved: 221_www.unepfi.org_industries_investment_one-earth-climate-model-sectoral-pathways-to-net-zero-emissions.md (1268 words)
  Saved: 222_www.unepfi.org_industries_net-zero-asset-owner-alliances-updated-position-on-governmental-carbon-pricing.md (1284 words)
  Saved: 223_www.unepfi.org_industries_investment_a-legal-framework-for-impact-sustainability-impact-in-investor-decision-making.md (1268 words)
  Saved: 224_www.unepfi.org_industries_investment_unlocking-investment-in-net-zero.md (1235 words)
  Saved: 225_www.unepfi.org_industries_nzaoa-target-setting-protocol-fifth-edition.md (1248 words)
  Saved: 226_www.unepfi.org_industries_understanding-the-drivers-of-investment-portfolio-decarbonisation.md (1282 words)
  Saved: 227_www.unepfi.org_industries_net-zero-asset-owner-alliance-calls-for-urgent-action-to-tackle-deforestation.md (1904 words)
  Saved: 228_www.unepfi.org_industries_the-future-of-investor-engagement-a-call-for-systematic-stewardship-to-address-systemic-climat.md (1222 words)
  Saved: 229_www.unepfi.org_industries_target-setting-protocol-third-edition.md (1297 words)
  Saved: 230_www.unepfi.org_industries_investment_developing-credible-transition-plans-implementation-tool-for-asset-owners.md (1277 words)
  Saved: 231_www.unepfi.org_industries_investment_nzaoa-2025-progress-report.md (1212 words)
  Saved: 232_www.unepfi.org_industries_investment_cop30-nzaoa-calls-for-policy-action-and-collaboration-to-accelerate-climate-investm.md (1489 words)
  Saved: 233_www.unepfi.org_insurance_insurance_media.md (1743 words)
  Saved: 234_www.unepfi.org_insurance_psi-member-area_psi-communications.md (1091 words)
  Saved: 235_www.unepfi.org_insurance_insurance_projects_the-bogota-declaration-on-sustainable-insurance.md (3152 words)
  Saved: 236_www.unepfi.org_insurance_insurance_projects_the-v20-sustainable-insurance-facility.md (544 words)
  Saved: 237_www.unepfi.org_insurance_insurance_the-principles_psi-frequently-asked-questions.md (2833 words)
  Saved: 238_www.unepfi.org_insurance_insurance_projects_global-resilience-project.md (1402 words)
  Saved: 239_www.unepfi.org_insurance_psi-member-area.md (1077 words)
  Saved: 240_www.unepfi.org_insurance_insurance_signatory-companies_how-to-join.md (1496 words)
  Saved: 241_www.unepfi.org_insurance_insurance_signatory-companies_supporting-institutions.md (1105 words)
  Saved: 242_www.unepfi.org_insurance_insurance_projects_nature-positive-insurance.md (1811 words)
  Saved: 243_www.unepfi.org_insurance_psi-member-area_psi-governance.md (1314 words)
  Saved: 244_www.unepfi.org_insurance_insurance_projects_net-zero-insurance-alliance.md (1157 words)
  Saved: 245_www.unepfi.org_insurance_insurance_projects_insurance-industry-contribution-to-the-uns-sustainable-development-agenda.md (1256 words)
  Saved: 246_www.unepfi.org_insurance_insurance_projects_developing-esg-underwriting-criteria-and-principles-for-surety-bonds.md (1668 words)
  Saved: 247_www.unepfi.org_insurance_psi-member-area_psi-disclosures-fees.md (1096 words)
  Saved: 248_www.unepfi.org_insurance_insurance_projects_greening-chinas-financial-system.md (1364 words)
  Saved: 249_www.unepfi.org_insurance_psi-member-area_psi-wgn-members-area.md (1093 words)
  Saved: 250_www.unepfi.org_insurance_insurance_the-principles.md (1780 words)
  Saved: 251_www.unepfi.org_insurance_psi-member-area_psi-wgn-members-area_psi-wgn-ctg.md (1202 words)
  Saved: 252_www.unepfi.org_insurance_psi-member-area_psi-whats-next.md (1089 words)
  Saved: 253_www.unepfi.org_insurance_insurance_contact.md (1202 words)
  Saved: 254_www.unepfi.org_investment_history_fiduciary-duty.md (1594 words)
  Saved: 255_www.unepfi.org_investment_contact.md (1085 words)
  Saved: 256_www.unepfi.org_insurance_psi-member-area_psi-wgn-members-area_psi-wgn-operational-documents.md (1126 words)
  Saved: 257_www.unepfi.org_insurance_insurance_projects_psi-wwf-world-heritage-sites-initiative.md (1849 words)
  Saved: 258_www.unepfi.org_investment_history.md (1351 words)
  Saved: 259_www.unepfi.org_investment_history_property.md (1415 words)
  Saved: 260_www.unepfi.org_insurance_psi-member-area_psi-wgn-members-area_psi-wgn-resources.md (1093 words)
  Saved: 261_www.unepfi.org_insurance_insurance_signatory-companies.md (4116 words)
  Saved: 262_www.unepfi.org_investment_investor-agenda-for-climate-change.md (1086 words)
  Saved: 263_www.unepfi.org_investment_sse.md (1123 words)
  Saved: 264_www.unepfi.org_investment_investment.md (1664 words)
  Saved: 265_www.unepfi.org_investment_investment-leadership-programme.md (1664 words)
  Saved: 266_www.unepfi.org_legal-framework-for-impact_articles.md (1081 words)
  Saved: 267_www.unepfi.org_legal-framework-for-impact_about.md (679 words)
  Saved: 268_www.unepfi.org_legal-framework-for-impact_media-news.md (337 words)
  Saved: 269_www.unepfi.org_legal-framework-for-impact_events.md (949 words)
  Saved: 270_www.unepfi.org_legal-framework-for-impact_faq.md (861 words)
  Saved: 271_www.unepfi.org_member_access-bank-plc.md (1999 words)
  Saved: 272_www.unepfi.org_member_abu-dhabi-islamic-bank-pjsc.md (1434 words)
  Saved: 273_www.unepfi.org_member_abn-amro-bank-n-v.md (1198 words)
  Saved: 274_www.unepfi.org_legal-framework-for-impact_resources.md (597 words)
  Saved: 275_www.unepfi.org_legal-framework-for-impact_partners.md (773 words)
  Saved: 276_www.unepfi.org_member_a-s-arbejdernes-landsbank.md (1290 words)
  Saved: 277_www.unepfi.org_member_ageas.md (1175 words)
  Saved: 278_www.unepfi.org_member_achmea-bank.md (1069 words)
  Saved: 279_www.unepfi.org_member_ag-insurance.md (1301 words)
  Saved: 280_www.unepfi.org_member_aar-insurance-holdings-limited.md (1174 words)
  Saved: 281_www.unepfi.org_member_absa-group-limited.md (1447 words)
  Saved: 282_www.unepfi.org_member_acorn-life-group-ltd.md (1078 words)
  Saved: 283_www.unepfi.org_member_aegon-n-v.md (1005 words)
  Saved: 284_www.unepfi.org_member_abanca-corporacion-bancaria-s-a.md (1315 words)
  Saved: 285_www.unepfi.org_member_achmea.md (1459 words)
  Saved: 286_www.unepfi.org_member_african-risk-capacity-insurance-company-limited.md (1130 words)
  Saved: 287_www.unepfi.org_legal-framework-for-impact_podcasts.md (313 words)
  Saved: 288_www.unepfi.org_member_agricultural-bank-of-china-limited.md (1555 words)
  Saved: 289_www.unepfi.org_nature_gbf-finance-sector.md (1696 words)
  Saved: 290_www.unepfi.org_nature_contact-us.md (1258 words)
  Saved: 291_www.unepfi.org_nature_journey-so-far.md (1236 words)
  Saved: 292_www.unepfi.org_net-zero-alliance_about_structure-and-governance.md (1175 words)
  Saved: 293_www.unepfi.org_news_introducing-the-unep-fi-impact-centre.md (1269 words)
  Saved: 294_www.unepfi.org_net-zero-alliance_resources.md (679 words)
  Saved: 295_www.unepfi.org_nature_redd.md (1163 words)
  Saved: 296_www.unepfi.org_net-zero-alliance_media_news-press-releases-and-conferences.md (761 words)
  Saved: 297_www.unepfi.org_news_leading-financial-institutions-input-into-next-round-of-negotiations-to-redirect-finance-to-end-plas.md (1391 words)
  Saved: 298_www.unepfi.org_nature_meet-the-team_contact-us.md (991 words)
  Saved: 299_www.unepfi.org_net-zero-alliance_join-the-alliance.md (429 words)
  Saved: 300_www.unepfi.org_nature_nature_nature-based-solutions.md (1708 words)
  Saved: 301_www.unepfi.org_net-zero-alliance_media.md (486 words)
  Saved: 302_www.unepfi.org_net-zero-alliance_resources_nzaoa-positions.md (655 words)
  Saved: 303_www.unepfi.org_net-zero-alliance_about_frequently-asked-questions-net-zero-asset-owner-alliance.md (2041 words)
  Saved: 304_www.unepfi.org_policy-and-regulation_sustainable-finance-taxonomies.md (2913 words)
  Saved: 305_www.unepfi.org_net-zero-alliance_alliance-members.md (9103 words)
  Saved: 306_www.unepfi.org_news_un-forum-launches-first-total-balance-sheet-transition-guide-for-insurers-at-cop30.md (1347 words)
  Saved: 307_www.unepfi.org_net-zero-alliance_about.md (479 words)
  Saved: 308_www.unepfi.org_net-zero-alliance_events.md (734 words)
  Saved: 309_www.unepfi.org_policy-and-regulation_contact.md (1177 words)
  Saved: 310_www.unepfi.org_policy-publications.md (1672 words)
  Saved: 311_www.unepfi.org_pollution-and-circular-economy_pollution_the-finance-leadership-group-on-plastics.md (1397 words)
  Saved: 312_www.unepfi.org_pollution-and-circular-economy_contact.md (1108 words)
  Saved: 313_www.unepfi.org_publications_harmful-marine-extractives-dredging-marine-aggregate-extraction.md (1290 words)
  Saved: 314_www.unepfi.org_publications_harmful-marine-extractives-deep-sea-mining.md (1332 words)
  Saved: 315_www.unepfi.org_publications_financing-circularity.md (1666 words)
  Saved: 316_www.unepfi.org_publications_diving-deep.md (1382 words)
  Saved: 317_www.unepfi.org_publications_from-kunming-montreal-to-cali-is-the-financial-system-on-track.md (1435 words)
  Saved: 318_www.unepfi.org_publications_a-legal-framework-for-impact-sustainability-impact-in-investor-decision-making.md (1268 words)
  Saved: 319_www.unepfi.org_publications_engaging-private-finance-in-the-nbsap-review-and-implementation-sign-posts-for-policymakers.md (1292 words)
  Saved: 320_www.unepfi.org_publications_high-level-roadmap-aligning-financial-flows-with-the-kunming-montreal-global-biodiversity-fr.md (1272 words)
  Saved: 321_www.unepfi.org_publications_are-you-ready-for-nature-related-disclosures.md (1228 words)
  Saved: 322_www.unepfi.org_publications_how-to-get-to-the-net-a-discussion-paper-on-carbon-dioxide-removal.md (1325 words)
  Saved: 323_www.unepfi.org_publications_addressing-climate-impacts-an-overview-of-nzaoa-asset-owners-long-term-interests-and-respons.md (1322 words)
  Saved: 324_www.unepfi.org_publications_accountability-for-nature-comparison-of-nature-related-assessment-and-disclosure-frameworks-.md (1372 words)
  Saved: 325_www.unepfi.org_pollution-and-circular-economy_pollution_the-finance-statement-on-plastic-pollution.md (1382 words)
  Saved: 326_www.unepfi.org_publications_g20-recommendations-advancing-a-nature-positive-economy-and-just-transition.md (1389 words)
  Saved: 327_www.unepfi.org_publications_cop30-report-policy-matters-from-pledges-to-delivery-a-decade-after-paris.md (1348 words)
  Saved: 328_www.unepfi.org_publications_ceo-briefing-on-human-rights.md (1274 words)
  Saved: 329_www.unepfi.org_publications_common-framework-for-sustainable-finance-taxonomies-for-latin-america-and-the-caribbean.md (1381 words)
  Saved: 330_www.unepfi.org_publications_finance-for-nature-positive-discussion-paper.md (1337 words)
  Saved: 331_www.unepfi.org_publications_accountability-for-nature-comparison-of-nature-related-assessment-and-disclosure-frameworks-.md (1540 words)
  Saved: 332_www.unepfi.org_publications_driving-finance-for-sustainable-food-systems.md (1313 words)
  Saved: 333_www.unepfi.org_publications_harmful-marine-extractives-offshore-oil-gas.md (1396 words)
  Saved: 334_www.unepfi.org_publications_insurance-publications_psi-unwrapping-the-risks-of-plastic-pollution-to-the-insurance-indust.md (1252 words)
  Saved: 335_www.unepfi.org_publications_investing-in-stability-conflict-risk-environmental-challenges-and-the-bottom-line-summary-re.md (1152 words)
  Saved: 336_www.unepfi.org_publications_la-taxonomia-de-finanzas-sostenibles-de-panama.md (1280 words)
  Saved: 337_www.unepfi.org_publications_testing-a-nature-related-risk-framework-in-the-consumer-staples-sector.md (1223 words)
  Saved: 338_www.unepfi.org_publications_rising-tide.md (1168 words)
  Saved: 339_www.unepfi.org_publications_principles-for-taxonomy-interoperability.md (1539 words)
  Saved: 340_www.unepfi.org_publications_new-nature-positive-finance-guidance.md (1243 words)
  Saved: 341_www.unepfi.org_publications_target-setting-protocol-second-edition.md (1090 words)
  Saved: 342_www.unepfi.org_publications_nature-based-risk-assessment-integrating-project-related-finance.md (1190 words)
  Saved: 343_www.unepfi.org_publications_tnfd-financial-market-readiness-report.md (1099 words)
  Saved: 344_www.unepfi.org_publications_redirecting-financial-flows-to-end-plastic-pollution.md (1177 words)
  Saved: 345_www.unepfi.org_publications_nature-related-finance-and-indigenous-peoples-advancing-equity-to-halt-and-reverse-nature-lo.md (1166 words)
  Saved: 346_www.unepfi.org_publications_taxonomia-de-finanzas-sostenibles-de-costa-rica.md (1209 words)
  Saved: 347_www.unepfi.org_publications_setting-sail-target-setting-in-the-sustainable-blue-economy.md (1245 words)
  Saved: 348_www.unepfi.org_publications_ocean-investment-protocol.md (1094 words)
  Saved: 349_www.unepfi.org_publications_investing-in-stability-conflict-risk-markets-and-the-bottom-line-workshop-report-london.md (1159 words)
  Saved: 350_www.unepfi.org_publications_prioritising-nature-related-disclosures-considerations-for-high-risk-sectors.md (1112 words)
  Saved: 351_www.unepfi.org_publications_nature-in-the-boardroom.md (1195 words)
  Saved: 352_www.unepfi.org_publications_investing-in-stability-conflict-risk-markets-and-the-bottom-line-brochure.md (1128 words)
  Saved: 353_www.unepfi.org_publications_transitioning-the-eu-chemical-sector.md (1174 words)
  Saved: 354_www.unepfi.org_publications_nature-in-a-haystack-leveraging-public-nature-related-data-in-disclosure-frameworks.md (1093 words)
  Saved: 355_www.unepfi.org_publications_turning-the-tide.md (1278 words)
  Saved: 356_www.unepfi.org_publications_transformational-finance-for-climate-unlocking-systemic-effects.md (1314 words)
  Saved: 357_www.unepfi.org_regions_latin-america-caribbean_towards-a-common-language-the-urgent-need-to-build-a-common-framework-of-.md (1849 words)
  Saved: 358_www.unepfi.org_regions_europe_eu-sustainable_transport-investment-plan-action.md (2054 words)
  Saved: 359_www.unepfi.org_regions_asia-pacific_whats-behind-the-growth-of-chinas-green-finance-sector.md (1824 words)
  Saved: 360_www.unepfi.org_regions_asia-pacific_climate-related-risks-in-financial-regulation-and-supervision-in-apac.md (1334 words)
  Saved: 361_www.unepfi.org_regions_asia-pacific_webinar-implementation-of-sustainability-reporting-standards-in-asia-pacific.md (1154 words)
  Saved: 362_www.unepfi.org_regions_asia-pacific_sustainable-finance-taxonomies-in-asean-towards-regional-harmonization.md (1222 words)
  Saved: 363_www.unepfi.org_publications_white-paper-principles-approaches-adaptation-resilience-guide.md (1494 words)
  Saved: 364_www.unepfi.org_supporting-institutions_https:_fma.org.ma_en_home.md (1177 words)
  Saved: 365_www.unepfi.org_regions_asia-pacific_greening-the-chinese-banking-system.md (1156 words)
  Saved: 366_www.unepfi.org_responsible-banking-blueprint.md (1539 words)
  Saved: 367_www.unepfi.org_publications_unlocking-circular-economy-finance-in-latin-america-and-the-caribbean-the-catalyst-for-a-pos.md (1249 words)
  Saved: 368_www.unepfi.org_publications_unep-fi-pilots-in-support-of-tnfd.md (1167 words)
  Saved: 369_www.unepfi.org_publications_unlocking-circular-economy-financing-from-vision-to-action.md (1210 words)
  Saved: 370_www.unepfi.org_regions_asia-pacific_asia-pacific-regional-roundtable-2025.md (4915 words)
  Saved: 371_www.unepfi.org_publications_turning-the-tide-recommended-exclusions.md (1141 words)
  Saved: 372_www.unepfi.org_risk-centre-2025-2026-advanced-research-programme.md (998 words)
  Saved: 373_www.unepfi.org_supporting-institutions_www.themontrealgroup.org.md (1177 words)
  Saved: 374_www.unepfi.org_publications_unboxing-nature-related-risks-insights-from-the-unep-fi-led-tnfd-piloting-programme.md (1208 words)
  Saved: 375_www.unepfi.org_supporting-institutions_www.asfi.org.au.md (1177 words)
  Saved: 376_www.unepfi.org_supporting-institutions_www.kfb.or.kr.md (1177 words)
  Saved: 377_www.unepfi.org_risk-centre_risk-centre-members-area.md (1024 words)
  Saved: 378_www.unepfi.org_social-issues_contact.md (1076 words)
  Saved: 379_www.unepfi.org_risk-centre_resources.md (2896 words)
  Saved: 380_www.unepfi.org_the-v20-sustainable-insurance-facility_contact-us.md (200 words)
  Saved: 381_www.unepfi.org_the-v20-sustainable-insurance-facility_100-banks-initiative.md (709 words)
  Saved: 382_www.unepfi.org_the-v20-sustainable-insurance-facility_v20faqs.md (657 words)
  Saved: 383_www.unepfi.org_the-v20-sustainable-insurance-facility_landscape-study.md (327 words)
  Saved: 384_www.unepfi.org_themes_climate-change_2023-climate-risk-landscape.md (1282 words)
  Saved: 385_www.unepfi.org_the-v20-sustainable-insurance-facility_latest-updates-from-the-v20-sif.md (399 words)
  Saved: 386_www.unepfi.org_themes_climate-change_2023-climate-risk-landscape-technical-supplement.md (1252 words)
  Saved: 387_www.unepfi.org_themes_climate-change_2024-climate-risk-landscape.md (1236 words)
  Saved: 388_www.unepfi.org_themes_climate-change_a-comprehensive-review-of-global-supervisory-climate-stress-tests.md (1338 words)
  Saved: 389_www.unepfi.org_themes_climate-change_a-just-transition-for-latin-america-and-the-caribbean-new-guidance-for-banks-and-in.md (1478 words)
  Saved: 390_www.unepfi.org_themes_climate-change_assessing-climate-transition-risk-methodologies-and-roles-for-financial-institution.md (1253 words)
  Saved: 391_www.unepfi.org_themes_climate-change_bridging-climate-and-credit-risk-current-approaches-and-emerging-trends-for-climate.md (1261 words)
  Saved: 392_www.unepfi.org_themes_climate-change_cop-30-a-turning-point-for-climate-human-rights-and-the-finance-sector.md (1888 words)
  Saved: 393_www.unepfi.org_themes_climate-change_climate-risks-in-the-transportation-sector.md (1272 words)
  Saved: 394_www.unepfi.org_themes_climate-change_climate-risks-in-the-metals-and-mining-sector.md (1284 words)
  Saved: 395_www.unepfi.org_themes_climate-change_climate-risks-in-the-real-estate-sector.md (1298 words)
  Saved: 396_www.unepfi.org_themes_climate-change_climate-risks-in-the-oil-and-gas-sector.md (1268 words)
  Saved: 397_www.unepfi.org_themes_climate-change_climate-risks-in-the-power-generation-sector.md (1225 words)
  Saved: 398_www.unepfi.org_themes_climate-change_costa-rica-to-strengthen-its-sustainable-finance-framework.md (1278 words)
  Saved: 399_www.unepfi.org_themes_climate-change_climate-risks-in-the-agriculture-sector.md (1204 words)
  Saved: 400_www.unepfi.org_themes_climate-change_climate-risks-in-the-industrials-sector.md (1296 words)
  Saved: 401_www.unepfi.org_themes_climate-change_climate-stress-testing-methodologies-for-banks.md (1154 words)
  Saved: 402_www.unepfi.org_themes_climate-change_financing-a-plastic-pollution-free-future-the-case-for-bold-public-and-private-acti.md (1681 words)
  Saved: 403_www.unepfi.org_themes_climate-change_financiamiento-para-la-transicion-justa-en-america-latina-y-el-caribe-hoja-de-ruta-.md (1261 words)
  Saved: 404_www.unepfi.org_themes_climate-change_economic-impacts-of-climate-change-exploring-short-term-climate-related-shocks-with.md (1178 words)
  Saved: 405_www.unepfi.org_themes_climate-change_how-can-policy-makers-support-finance-industry-action-on-net-zero-committing-to-tra.md (1447 words)
  Saved: 406_www.unepfi.org_themes_climate-change_how-can-export-credit-agencies-redirect-trillions-for-climate-action-nzeca-is-pavin.md (1612 words)
  Saved: 407_www.unepfi.org_themes_climate-change_emerging-economies-climate-risks-and-best-practices-for-climate-risk-disclosure.md (1310 words)
  Saved: 408_www.unepfi.org_themes_climate-change_how-can-policymakers-support-finance-industry-action-on-net-zero-considering-invest.md (1387 words)
  Saved: 409_www.unepfi.org_themes_climate-change_how-can-policy-makers-support-finance-industry-action-on-net-zero-establishing-an-a.md (1457 words)
  Saved: 410_www.unepfi.org_themes_climate-change_how-can-policy-makers-support-finance-industry-action-on-net-zero-establishing-near.md (1467 words)
  Saved: 411_www.unepfi.org_themes_climate-change_how-can-policymakers-support-finance-industry-action-on-net-zero-requiring-neutrali.md (1492 words)
  SKIP (failed): https://www.unepfi.org/themes/climate-change/on-the-road-to-cop30-finding-investment-opportunities-in-countries-climate-plans
  Saved: 413_www.unepfi.org_themes_climate-change_how-can-policymakers-support-finance-industry-action-on-net-zero-identifying-unique.md (1519 words)
  Saved: 414_www.unepfi.org_themes_climate-change_how-can-policymakers-support-finance-industry-action-on-net-zero-providing-transpar.md (1406 words)
  Saved: 415_www.unepfi.org_themes_climate-change_how-can-policymakers-support-finance-industry-action-on-net-zero-striving-for-real-.md (1492 words)
  Saved: 416_www.unepfi.org_themes_climate-change_how-can-policymakers-support-finance-industry-action-on-net-zero-transparent-disclo.md (1418 words)
  Saved: 417_www.unepfi.org_themes_climate-change_managing-physical-climate-related-risks-in-loan-portfolios.md (1210 words)
  Saved: 418_www.unepfi.org_themes_climate-change_managing-transition-risk-in-real-estate-aligning-to-the-paris-climate-accord.md (1182 words)
  Saved: 419_www.unepfi.org_themes_climate-change_net-zero-export-credit-agencies-alliances-first-progress-report-reveals-advances-in.md (1508 words)
  Saved: 420_www.unepfi.org_themes_climate-change_new-hub-in-latin-america-and-the-caribbean-to-support-central-bankers-financial-sup.md (1698 words)
  Saved: 421_www.unepfi.org_themes_climate-change_panama-to-strengthen-its-sustainable-finance-framework.md (1253 words)
  Saved: 422_www.unepfi.org_themes_climate-change_physically-fit.md (1236 words)
  Saved: 423_www.unepfi.org_themes_climate-change_recommendations-for-credible-net-zero-commitments-from-financial-institutions.md (1079 words)
  Saved: 424_www.unepfi.org_themes_climate-change_recommendations-for-policy-makers-on-net-zero-action-align-commitments-with-the-ass.md (1681 words)
  Saved: 425_www.unepfi.org_themes_ecosystems_action-on-nature-what-can-financial-institutions-expect-in-2026.md (1936 words)
  Saved: 426_www.unepfi.org_themes_climate-change_unep-fi-at-cop30.md (2857 words)
  Saved: 427_www.unepfi.org_themes_demonstrating-1-5c-aligned-decarbonisation-the-fourth-progress-report.md (1399 words)
  Saved: 428_www.unepfi.org_themes_climate-change_road-to-cop30-un-regulated-carbon-market-the-risks-and-opportunities-for-financial-.md (1921 words)
  Saved: 429_www.unepfi.org_themes_climate-change_vietnams-climate-risks-and-best-practices-for-tcfd-disclosure.md (1179 words)
  Saved: 430_www.unepfi.org_themes_climate-change_the-climate-risk-tool-landscape-2022-supplement.md (1286 words)
  Saved: 431_www.unepfi.org_themes_climate-change_the-climate-data-challenge-the-critical-role-of-open-source-and-neutral-data-platfo.md (1207 words)
  Saved: 435_www.unepfi.org_themes_climate-change_sustainability-disclosure-landscape-report-for-risk-management-insights-from-climat.md (1165 words)
  Saved: 436_www.unepfi.org_themes_climate-change_the-cop30-mutirao-decision-and-what-it-means-for-the-global-finance-sector.md (2097 words)
  Saved: 437_www.unepfi.org_themes_climate-change_scenarios-for-assessing-climate-related-risks-new-short-term-scenario-narratives-by.md (1244 words)
  Saved: 439_www.unepfi.org_themes_climate-change_recommendations-for-policy-makers-on-net-zero-action-aligning-commitments-with-scie.md (1906 words)
  Saved: 441_www.unepfi.org_themes_climate-change_steering-the-ship-creating-board-level-climate-dashboards-for-banks-report.md (1181 words)
  Saved: 443_www.unepfi.org_wordpress_wp-content_uploads_2023_03_Report-Cover-Unlocking-Circular-Economy-Finance-in-LAC.png.md (1 words)
  Saved: 445_www.unepfi.org_wordpress_wp-content_uploads_2025_11_Resilience-Framework.png.md (1 words)
  Saved: 446_www.unepfi.org_wordpress_wp-content_uploads_2025_11_Resilience-Challenge-statement.png.md (1 words)
  Saved: 448_www.unepfi.org_themes_net-zero-asset-owner-alliance-position-paper-on-governmental-carbon-pricing.md (1109 words)
  Saved: 449_www.unepfi.org_themes_nzaoa-call-to-action-to-the-asset-management-industry.md (1219 words)
  Saved: 450_www.unepfi.org_wordpress_wp-admin_upload.php.md (33 words)
  Saved: 452_www.unepfi.org?ca%5B%5D=337&ca%5B%5D=14.md (1228 words)
  Saved: 453_www.unepfi.org?p=84145&preview=true.md (3270 words)

Done: 419 pages saved to /Users/knowprajjwal/LearningPlatform/Competitor Analysis/scripts/../content/unep-fi
